decade,game_year,discipline_title,event_title,margin_pct
1990,1992,Alpine Skiing,downhill men,0.0453021654435082
1990,1992,Alpine Skiing,downhill women,0.05330964015992084
1990,1992,Alpine Skiing,giant slalom men,0.2520081902661872
1990,1992,Alpine Skiing,giant slalom women,0.730751845713411
1990,1992,Alpine Skiing,slalom men,0.26822492575916795
1990,1992,Alpine Skiing,slalom women,0.45317220543807135
1990,1992,Alpine Skiing,super-G men,0.9994523548740509
1990,1992,Alpine Skiing,super-G women,1.7360256094557875
1990,1992,Bobsleigh,four-man men,0.008550662676349642
1990,1992,Bobsleigh,two-man men,0.11921400970155763
1990,1992,Cross Country Skiing,10km pursuit men,1.1594202898550725
1990,1992,Cross Country Skiing,15km mass start women,2.719615869017632
1990,1992,Cross Country Skiing,30km mass start men,0.9337483325922632
1990,1992,Cross Country Skiing,30km women,0.44241530474131835
1990,1992,Cross Country Skiing,50km men,0.7761234251835882
1990,1992,Cross Country Skiing,5km women,0.10541110330288123
1990,1992,Cross Country Skiing,Relay 4x10km men,1.453234998323835
1990,1992,Cross Country Skiing,Relay 4x5km women,0.6042296072507553
1990,1992,Luge,Doubles mixed,0.2020575103473014
1990,1992,Luge,Singles men,0.16779719570307272
1990,1992,Luge,Singles women,0.03910099841453583
1990,1992,Speed skating,10000m men,0.2886917335586366
1990,1992,Speed skating,1000m men,0.013360053440216799
1990,1992,Speed skating,1000m women,0.02442002442002997
1990,1992,Speed skating,1500m men,0.034840170716844435
1990,1992,Speed skating,1500m women,0.039723524271073334
1990,1992,Speed skating,3000m women,1.146594844170842
1990,1992,Speed skating,5000m men,0.5500392885206173
1990,1992,Speed skating,5000m women,1.333126647031464
1990,1992,Speed skating,500m men,0.10770059235326714
1990,1992,Speed skating,500m women,0.44631787751054086
1920,1928,Athletics,10000m men,0.03298878381350341
1920,1928,Athletics,100m men,0.9259259259259258
1920,1928,Athletics,100m women,0.819672131147541
1920,1928,Athletics,1500m men,0.2572898799313894
1920,1928,Athletics,200m men,0.45871559633027525
1920,1928,Athletics,3000m steeplechase men,1.673193307226771
1920,1928,Athletics,400m hurdles men,0.37453183520599254
1920,1928,Athletics,400m men,0.41841004184100417
1920,1928,Athletics,4x100m relay men,0.4878048780487805
1920,1928,Athletics,4x100m relay women,0.8264462809917356
1920,1928,Athletics,4x400m relay men,0.30895983522142123
1920,1928,Athletics,5000m men,0.22779043280182232
1920,1928,Athletics,800m men,0.8944543828264758
1920,1928,Athletics,800m women,0.5847953216374269
1920,1928,Athletics,decathlon men,2.9577464788732395
1920,1928,Athletics,marathon men,0.2833169881224801
1920,1928,Cycling Road,individual time trial men,2.7149321266968327
1920,1928,Cycling Road,team time trial men,0.6140704622942406
1920,1928,Cycling Track,1km time trial men,1.0752688172043012
1920,1928,Rowing,double sculls 2x men,2.391629297458894
1920,1928,Rowing,eight with coxswain 8 men,0.6607929515418502
1920,1928,Rowing,four without coxswain 4 men,0.25252525252525254
1920,1928,Rowing,pair-oared shell with coxswain men,1.2537829658452226
1920,1928,Swimming,100m backstroke men,2.6392961876832843
1920,1928,Swimming,100m backstroke women,0.24390243902439024
1920,1928,Swimming,100m freestyle men,2.04778156996587
1920,1928,Swimming,100m freestyle women,0.5633802816901409
1920,1928,Swimming,1500m freestyle men,0.9061923141466689
1920,1928,Swimming,200m breaststroke men,1.066350710900474
1920,1928,Swimming,200m breaststroke women,1.3499480789200415
1920,1928,Swimming,400m freestyle men,0.6631299734748011
1920,1928,Swimming,400m freestyle women,4.3757292882147025
1920,1928,Swimming,4x100m freestyle relay women,5.285118219749652
1920,1928,Swimming,4x200m freestyle relay men,0.9024644220756682
1920,1920,Athletics,5000m men,0.49129075480125056
1920,1920,Athletics,800m men,0.1763668430335097
1920,1920,Athletics,cross country individual men,0.15902140672782875
1920,1920,Athletics,decathlon men,3.259361997226075
1920,1920,Athletics,marathon men,0.13980209266257454
1920,1920,Athletics,pentathlon men,10.635260528194147
1920,1920,Cycling Road,individual time trial men,0.5047078289230916
1920,1920,Cycling Road,team time trial men,0.5570332289196207
1920,1920,Rowing,double sculls 2x men,2.331002331002331
1920,1920,Rowing,eight with coxswain 8 men,0.2191780821917808
1920,1920,Rowing,four-oared shell with coxswain men,0.966183574879227
1920,1920,Rowing,pair-oared shell with coxswain men,0.21008403361344538
1920,1920,Rowing,single sculls 1x men,0.21978021978021978
1920,1920,Swimming,100m backstroke men,2.127659574468085
1920,1920,Swimming,100m freestyle men,1.9543973941368076
1920,1920,Swimming,100m freestyle women,4.619565217391304
1920,1920,Swimming,200m breaststroke men,2.6030368763557483
1920,1920,Swimming,300m freestyle women,3.2116788321167884
1920,1920,Swimming,400m breaststroke men,3.4201123021949975
1920,1920,Swimming,400m freestyle men,0.6731946144430845
1920,1920,Swimming,4x100m freestyle relay women,9.370988446726573
1920,1920,Swimming,4x200m freestyle relay men,3.474520185307743
1890,1896,Athletics,800m men,0.6106870229007634
1890,1896,Athletics,marathon men,4.035414725069898
1890,1896,Cycling Road,individual road race men,5.004142502071251
1890,1896,Cycling Track,1km time trial men,8.333333333333332
1890,1896,Swimming,100m freestyle men,0.7299270072992701
1890,1896,Swimming,1200m freestyle men,14.625294864815821
1890,1896,Swimming,400m freestyle men,21.315468940316688
2000,2004,Athletics,10000m men,0.2639837548458534
2000,2004,Athletics,10000m women,0.033984520599008576
2000,2004,Athletics,100m hurdles women,0.6467259498787366
2000,2004,Athletics,100m men,0.10152284263958815
2000,2004,Athletics,100m women,0.2744739249771246
2000,2004,Athletics,110m hurdles men,2.091402013942693
2000,2004,Athletics,1500m men,0.05602764030254076
2000,2004,Athletics,1500m women,0.09247583018074057
2000,2004,Athletics,200m men,1.1116725618999437
2000,2004,Athletics,200m women,0.5895691609977376
2000,2004,Athletics,20km race walk women,0.07473841554559044
2000,2004,Athletics,20km walk men,0.10460251046025104
2000,2004,Athletics,3000m steeplechase men,0.061752537000061745
2000,2004,Athletics,400m hurdles men,1.007768213310941
2000,2004,Athletics,400m hurdles women,1.0602044680045264
2000,2004,Athletics,400m men,0.3636363636363688
2000,2004,Athletics,400m women,0.3035822707953855
2000,2004,Athletics,4x100m relay men,0.026267402153932952
2000,2004,Athletics,4x100m relay women,1.2940330697339988
2000,2004,Athletics,4x400m relay men,2.6661360923199413
2000,2004,Athletics,4x400m relay women,0.5778604090246722
2000,2004,Athletics,5000m men,0.025176550560807667
2000,2004,Athletics,5000m women,0.28679500931518814
2000,2004,Athletics,50km walk men,1.8589059881151913
2000,2004,Athletics,800m men,0.15318334131162364
2000,2004,Athletics,800m women,0.04296270836913559
2000,2004,Athletics,decathlon men,0.5856933680939999
2000,2004,Athletics,heptathlon women,1.3194185613119676
2000,2004,Athletics,marathon men,0.43284532145130494
2000,2004,Athletics,marathon women,0.1366742596810934
2000,2004,Canoe Slalom,C1 canoe single men,0.06343835906111704
2000,2004,Canoe Slalom,C2 canoe double men,1.8439853253523744
2000,2004,Canoe Slalom,K1 kayak single men,1.1757820812938808
2000,2004,Canoe Slalom,K1 kayak single women,2.1854020854163716
2000,2004,Canoe Sprint,C-1 1000m (canoe single) men,0.22988404118460207
2000,2004,Canoe Sprint,C-1 500m (canoe single) men,0.31959993608002135
2000,2004,Canoe Sprint,C2 1000m canoe double men,0.5356128438877967
2000,2004,Canoe Sprint,C2 500m canoe double men,0.07180039490217469
2000,2004,Canoe Sprint,K1 1000m kayak single men,0.7362904753347699
2000,2004,Canoe Sprint,K1 500m kayak single men,0.5596462382172923
2000,2004,Canoe Sprint,K1 500m kayak single women,1.8451657214987685
2000,2004,Canoe Sprint,K2 1000m kayak double men,0.5362362665053861
2000,2004,Canoe Sprint,K2 500m kayak double men,1.0110294117647138
2000,2004,Canoe Sprint,K2 500m kayak double women,1.4597200844028146
2000,2004,Canoe Sprint,K4 1000m kayak four men,0.9835009241517226
2000,2004,Canoe Sprint,K4 500m kayak four women,0.207759168963328
2000,2004,Cycling Mountain Bike,cross-country men,0.7405578869414959
2000,2004,Cycling Mountain Bike,cross-country women,0.841534731136785
2000,2004,Cycling Road,individual time trial men,0.21927170674641855
2000,2004,Cycling Road,individual time trial women,1.2871821450898542
2000,2004,Cycling Track,1km time trial men,0.30472237321078927
2000,2004,Cycling Track,500m time trial women,0.47125353440151474
2000,2004,Rowing,eight with coxswain 8 women,0.49245432883240425
2000,2004,Swimming,100m backstroke men,0.5364409914909318
2000,2004,Swimming,100m backstroke women,0.21533874440946735
2000,2004,Swimming,100m breaststroke men,0.2829560585885562
2000,2004,Swimming,100m breaststroke women,0.765306122448983
2000,2004,Swimming,100m butterfly men,0.07804878048780044
2000,2004,Swimming,100m butterfly women,0.20790020790019606
2000,2004,Swimming,100m freestyle men,0.12455885405854739
2000,2004,Swimming,100m freestyle women,0.594353640416056
2000,2004,Swimming,1500m freestyle men,0.21394611727416388
2000,2004,Swimming,200m backstroke men,2.0878642888212267
2000,2004,Swimming,200m backstroke women,0.4102484712439008
2000,2004,Swimming,200m breaststroke men,1.0506798516687197
2000,2004,Swimming,200m breaststroke women,0.16042407756155086
2000,2004,Swimming,200m butterfly men,0.4559803577691878
2000,2004,Swimming,200m butterfly women,0.24593415311383648
2000,2004,Swimming,200m freestyle men,0.4966096838888402
2000,2004,Swimming,200m freestyle women,0.16097602304499628
2000,2004,Swimming,200m individual medley men,1.4000341471743096
2000,2004,Swimming,200m individual medley women,0.4270245539118429
2000,2004,Swimming,400m freestyle men,0.11653966831017074
2000,2004,Swimming,400m freestyle women,0.2037988098149507
2000,2004,Swimming,400m individual medley men,1.4299524691855314
2000,2004,Swimming,400m individual medley women,0.04366335552886577
2000,2004,Swimming,4x100m freestyle relay men,0.6160376870114336
2000,2004,Swimming,4x100m freestyle relay women,0.20839121978327313
2000,2004,Swimming,4x100m medley relay men,1.3954812986519667
2000,2004,Swimming,4x100m medley relay women,0.7584695769425249
2000,2004,Swimming,4x200m freestyle relay men,0.030421454145512408
2000,2004,Swimming,4x200m freestyle relay women,0.5386337712813147
2000,2004,Swimming,50m freestyle men,0.04559963520291579
2000,2004,Swimming,50m freestyle women,1.2611879576891758
2000,2004,Swimming,800m freestyle women,0.0832441431799407
2000,2004,Triathlon,Individual men,0.1180311740277382
2000,2004,Triathlon,Individual women,0.08979815459446791
1990,1996,Athletics,10000m men,0.05100347806851114
1990,1996,Athletics,10000m walk women,0.9166998804304504
1990,1996,Athletics,10000m women,0.0510305484978218
1990,1996,Athletics,100m hurdles women,0.07949125596185098
1990,1996,Athletics,100m men,0.5081300813008129
1990,1996,Athletics,110m hurdles men,1.0810810810810856
1990,1996,Athletics,1500m men,0.287329687644815
1990,1996,Athletics,1500m women,0.29481376904870277
1990,1996,Athletics,200m men,1.8633540372670927
1990,1996,Athletics,200m women,0.5424954792043477
1990,1996,Athletics,20km walk men,0.18722696068233824
1990,1996,Athletics,3000m steeplechase men,0.24839875184760152
1990,1996,Athletics,400m hurdles men,0.5048380311316858
1990,1996,Athletics,400m hurdles women,0.492237788716378
1990,1996,Athletics,400m men,2.115428834214773
1990,1996,Athletics,400m women,0.7875647668393805
1990,1996,Athletics,4x100m relay men,0.9551605200318447
1990,1996,Athletics,4x100m relay women,0.4529201430274082
1990,1996,Athletics,4x400m relay men,0.3466106028751582
1990,1996,Athletics,4x400m relay women,0.06470558956747707
1990,1996,Athletics,5000m men,0.02538199908624803
1990,1996,Athletics,5000m women,0.40116459972441176
1990,1996,Athletics,50km walk men,0.11931394481730052
1990,1996,Athletics,800m men,0.15597582374733246
1990,1996,Athletics,800m women,0.32277244542597083
1990,1996,Athletics,heptathlon women,1.8385882005464145
1990,1996,Athletics,marathon men,0.037707390648567124
1990,1996,Athletics,marathon women,1.3690815744438107
1990,1996,Canoe Slalom,C1 canoe single men,0.09269681520226748
1990,1996,Canoe Slalom,C2 canoe double men,0.8437224530915552
1990,1996,Canoe Slalom,K1 kayak single men,0.3044894490865453
1990,1996,Canoe Sprint,C1 1000m canoe single men,0.22865138342619287
1990,1996,Canoe Sprint,C1 500m canoe single men,0.5239507340768089
1990,1996,Canoe Sprint,C2 1000m canoe double men,0.20012271676028873
1990,1996,Canoe Sprint,C2 500m canoe double men,0.03584943238397729
1990,1996,Canoe Sprint,K1 1000m kayak single men,0.6258959593750812
1990,1996,Canoe Sprint,K1 500m kayak single men,0.940229719881339
1990,1996,Canoe Sprint,K1 500m kayak single women,0.21921880079886
1990,1996,Canoe Sprint,K2 1000m kayak double men,0.7019398488292178
1990,1996,Canoe Sprint,K2 500m kayak double men,0.036077883130200154
1990,1996,Canoe Sprint,K2 500m kayak double women,0.36243191817092923
1990,1996,Canoe Sprint,K4 1000m kayak four men,0.9654400447740279
1990,1996,Canoe Sprint,K4 500m kayak four women,1.7831066021059117
1990,1996,Cycling Track,1km time trial men,0.3635667814772249
1990,1996,Swimming,100m backstroke men,1.626617375231045
1990,1996,Swimming,100m backstroke women,0.4575911096584521
1990,1996,Swimming,100m breaststroke men,0.19785655399835866
1990,1996,Swimming,100m breaststroke women,0.5315222205817249
1990,1996,Swimming,100m butterfly men,0.49741725655249835
1990,1996,Swimming,100m butterfly women,0.016911889058011626
1990,1996,Swimming,100m freestyle men,0.14361920393927893
1990,1996,Swimming,100m freestyle women,0.6972477064220101
1990,1996,Swimming,1500m freestyle men,0.6726907630522007
1990,1996,Swimming,200m backstroke men,0.37961869411169225
1990,1996,Swimming,200m backstroke women,3.246499256825471
1990,1996,Swimming,200m breaststroke men,0.34698649769932177
1990,1996,Swimming,200m breaststroke women,0.23382160786741568
1990,1996,Swimming,200m butterfly men,0.798214745515422
1990,1996,Swimming,200m butterfly women,1.6123982467125968
1990,1996,Swimming,200m freestyle men,0.41809904301774603
1990,1996,Swimming,200m freestyle women,0.34698713608667375
1990,1996,Swimming,200m individual medley men,0.18347093653573895
1990,1996,Swimming,200m individual medley women,0.31359665496901706
1990,1996,Swimming,400m freestyle men,0.45181383515375634
1990,1996,Swimming,400m freestyle women,0.4246713852376138
1990,1996,Swimming,400m individual medley men,0.13730874852883485
1990,1996,Swimming,400m individual medley women,1.0208467655276166
1990,1996,Swimming,4x100m freestyle relay men,0.8443784862596593
1990,1996,Swimming,4x100m freestyle relay women,0.5426604040311956
1990,1996,Swimming,4x100m medley relay men,1.2614038354123958
1990,1996,Swimming,4x100m medley relay women,0.9057971014492752
1990,1996,Swimming,4x200m freestyle relay men,0.6255174316990325
1990,1996,Swimming,4x200m freestyle relay women,0.3500948173463685
1990,1996,Swimming,50m freestyle men,0.5874378671486592
1990,1996,Swimming,50m freestyle women,0.12062726176116259
1990,1996,Swimming,800m freestyle women,0.39772391659612766
1990,1992,Athletics,10000m men,0.06119877602448388
1990,1992,Athletics,10000m walk women,0.037425149700598806
1990,1992,Athletics,10000m women,0.3070706637656578
1990,1992,Athletics,100m hurdles women,0.3955696202531645
1990,1992,Athletics,100m men,0.6024096385542255
1990,1992,Athletics,100m women,0.09242144177448643
1990,1992,Athletics,110m hurdles men,0.9146341463414766
1990,1992,Athletics,1500m men,0.22714882791204802
1990,1992,Athletics,1500m women,0.6842328941776418
1990,1992,Athletics,200m men,0.599700149925046
1990,1992,Athletics,200m women,0.9628610729023358
1990,1992,Athletics,20km walk men,0.8154943934760449
1990,1992,Athletics,3000m steeplechase men,0.14524179690697087
1990,1992,Athletics,3000m women,0.15398068587940775
1990,1992,Athletics,400m hurdles men,1.8811457887986345
1990,1992,Athletics,400m hurdles women,0.864174337779452
1990,1992,Athletics,400m men,1.6321839080459823
1990,1992,Athletics,400m women,0.4505426991603499
1990,1992,Athletics,4x100m relay men,1.5508021390374362
1990,1992,Athletics,4x100m relay women,0.11873664212776061
1990,1992,Athletics,4x400m relay men,2.1452145214521345
1990,1992,Athletics,4x400m relay women,0.3596403596403619
1990,1992,Athletics,5000m men,0.023974158380867937
1990,1992,Athletics,50km walk men,0.8397886049373778
1990,1992,Athletics,800m men,0.03858769052673075
1990,1992,Athletics,800m women,0.3894755063181582
1990,1992,Athletics,decathlon men,4.0455072789191995
1990,1992,Athletics,marathon men,0.2748969136573785
1990,1992,Athletics,marathon women,0.08732671105774478
1990,1992,Canoe Slalom,C1 canoe single men,2.4540416923212276
1990,1992,Canoe Slalom,C2 canoe double men,1.503145167878439
1990,1992,Canoe Slalom,K1 kayak single men,0.15904200580035877
1990,1992,Canoe Slalom,K1 kayak single women,1.4714025789099099
1990,1992,Canoe Sprint,C1 1000m canoe single men,0.2765126870527075
1990,1992,Canoe Sprint,C1 500m canoe single men,0.22492127755285649
1990,1992,Canoe Sprint,C2 1000m canoe double men,0.8462882899457314
1990,1992,Canoe Sprint,C2 500m canoe double men,0.13787669883789416
1990,1992,Canoe Sprint,K1 1000m kayak single men,0.1104667219000318
1990,1992,Canoe Sprint,K1 500m kayak single men,0.2989834562487542
1990,1992,Canoe Sprint,K1 500m kayak single women,0.32258064516128215
1990,1992,Canoe Sprint,K2 1000m kayak double men,0.815910249872514
1990,1992,Canoe Sprint,K2 500m kayak double men,1.7786337373966163
1990,1992,Canoe Sprint,K2 500m kayak double women,0.11965300628178736
1990,1992,Canoe Sprint,K4 1000m kayak four men,0.3674359857618608
1990,1992,Canoe Sprint,K4 500m kayak four women,0.15256305939788445
1990,1992,Cycling Road,team time trial men,0.8220304151253596
1990,1992,Cycling Track,1km time trial men,1.4934798396009026
1990,1992,Swimming,100m backstroke men,0.11115227862171598
1990,1992,Swimming,100m backstroke women,0.7580751483190545
1990,1992,Swimming,100m breaststroke men,0.2926829268292609
1990,1992,Swimming,100m breaststroke women,0.25000000000000666
1990,1992,Swimming,100m butterfly men,0.05626406601649559
1990,1992,Swimming,100m butterfly women,0.2047082906857611
1990,1992,Swimming,100m freestyle men,0.8363933088535338
1990,1992,Swimming,100m freestyle women,0.36603221083455345
1990,1992,Swimming,1500m freestyle men,1.3367591796079183
1990,1992,Swimming,200m backstroke men,0.33763822064657717
1990,1992,Swimming,200m backstroke women,1.8888713993388953
1990,1992,Swimming,200m breaststroke men,0.8220651505839003
1990,1992,Swimming,200m breaststroke women,0.13637913399249915
1990,1992,Swimming,200m butterfly men,1.4364355754343754
1990,1992,Swimming,200m butterfly women,0.2642418590191858
1990,1992,Swimming,200m freestyle men,0.14995313964385276
1990,1992,Swimming,200m freestyle women,0.08481764206955046
1990,1992,Swimming,200m individual medley men,0.1738986419344267
1990,1992,Swimming,200m individual medley women,0.197493353589055
1990,1992,Swimming,400m freestyle men,0.07111111111110707
1990,1992,Swimming,400m freestyle women,0.07686706044176858
1990,1992,Swimming,400m individual medley men,0.5270817763442409
1990,1992,Swimming,400m individual medley women,0.06870615462501233
1990,1992,Swimming,4x100m freestyle relay men,0.4167937379282209
1990,1992,Swimming,4x100m freestyle relay women,0.30073817552173104
1990,1992,Swimming,4x100m medley relay men,0.7513944590420747
1990,1992,Swimming,4x100m medley relay women,1.092603281932877
1990,1992,Swimming,4x200m freestyle relay men,0.8241694640583485
1990,1992,Swimming,50m freestyle men,0.8215426745778236
1990,1992,Swimming,50m freestyle women,1.1698265429608734
1990,1992,Swimming,800m freestyle women,0.9534736508941253
2000,2008,Athletics,10000m men,0.09869415298827389
2000,2008,Athletics,10000m women,1.5356669229826385
2000,2008,Athletics,100m hurdles women,0.7974481658692184
2000,2008,Athletics,100m men,2.063983488132095
2000,2008,Athletics,100m women,1.855287569573284
2000,2008,Athletics,110m hurdles men,1.8561484918793325
2000,2008,Athletics,1500m men,0.4927032987658956
2000,2008,Athletics,1500m women,0.5827748407775881
2000,2008,Athletics,200m men,3.4196891191709815
2000,2008,Athletics,200m women,0.8739650413983467
2000,2008,Athletics,20km race walk women,0.693507994606049
2000,2008,Athletics,20km walk men,0.2952963509808057
2000,2008,Athletics,3000m steeplechase men,0.030591018476975165
2000,2008,Athletics,3000m steeplechase women,1.5961099459920933
2000,2008,Athletics,400m hurdles men,1.5449735449735473
2000,2008,Athletics,400m hurdles women,2.0136778115501563
2000,2008,Athletics,400m men,2.2628571428571376
2000,2008,Athletics,400m women,0.1410721483272851
2000,2008,Athletics,4x100m relay men,0.23646873357855416
2000,2008,Athletics,4x100m relay women,1.1753643629525155
2000,2008,Athletics,4x400m relay men,1.5052169450937831
2000,2008,Athletics,4x400m relay women,0.936838924146263
2000,2008,Athletics,5000m men,0.6402509578051501
2000,2008,Athletics,5000m women,0.2889313787975433
2000,2008,Athletics,50km walk men,1.0591756850103615
2000,2008,Athletics,800m men,0.047778308647873864
2000,2008,Athletics,800m women,1.0446591799425438
2000,2008,Athletics,marathon men,0.5795574288724974
2000,2008,Athletics,marathon women,0.24988641526578828
2000,2008,Canoe Slalom,C1 canoe single men,1.109538635720367
2000,2008,Canoe Slalom,C2 canoe double men,1.0847919505292916
2000,2008,Canoe Slalom,K1 kayak single men,0.931857891671534
2000,2008,Canoe Slalom,K1 kayak single women,7.4231727574750845
2000,2008,Canoe Sprint,C-1 1000m (canoe single) men,0.9910312539322395
2000,2008,Canoe Sprint,C-1 500m (canoe single) men,1.173231286167625
2000,2008,Canoe Sprint,C2 1000m canoe double men,0.10306657731148838
2000,2008,Canoe Sprint,C2 500m canoe double men,0.2543924771096313
2000,2008,Canoe Sprint,K1 1000m kayak single men,0.4938858004197329
2000,2008,Canoe Sprint,K1 500m kayak single men,0.38868095257680796
2000,2008,Canoe Sprint,K1 500m kayak single women,0.0036142509916568285
2000,2008,Canoe Sprint,K2 1000m kayak double men,0.923314338743231
2000,2008,Canoe Sprint,K2 500m kayak double men,0.10255138838802381
2000,2008,Canoe Sprint,K2 500m kayak double women,0.7738776799462942
2000,2008,Canoe Sprint,K4 1000m kayak four men,0.5002447158450644
2000,2008,Canoe Sprint,K4 500m kayak four women,0.802333271893408
2000,2008,Cycling BMX,Individual men,1.1494888090632842
2000,2008,Cycling BMX,Individual women,5.742717367133652
2000,2008,Cycling Mountain Bike,cross-country women,0.6496593249881161
2000,2008,Cycling Road,individual time trial men,0.894027222807338
2000,2008,Cycling Road,individual time trial women,1.1612452909567141
2000,2008,Marathon Swimming,Marathon - 10 km men,0.022349365278026105
2000,2008,Marathon Swimming,marathon 10km women,0.020927215145723176
2000,2008,Swimming,100m backstroke men,1.0848877046060232
2000,2008,Swimming,100m backstroke women,0.39009497964721074
2000,2008,Swimming,100m breaststroke men,0.492276353759969
2000,2008,Swimming,100m breaststroke women,2.393739450667471
2000,2008,Swimming,100m butterfly men,0.019770660340048613
2000,2008,Swimming,100m butterfly women,0.6522122333862235
2000,2008,Swimming,100m freestyle men,0.2330014827367011
2000,2008,Swimming,100m freestyle women,0.07530120481927281
2000,2008,Swimming,1500m freestyle men,0.0783343172426279
2000,2008,Swimming,200m backstroke men,0.34228541337544877
2000,2008,Swimming,200m backstroke women,0.7904822740338441
2000,2008,Swimming,200m breaststroke men,0.9714822939517285
2000,2008,Swimming,200m breaststroke women,1.3050919982884006
2000,2008,Swimming,200m butterfly men,0.5980540926537575
2000,2008,Swimming,200m butterfly women,0.43485263327428664
2000,2008,Swimming,200m freestyle men,1.8356643356643447
2000,2008,Swimming,200m freestyle women,0.1306392614527086
2000,2008,Swimming,200m individual medley men,2.0047273045609817
2000,2008,Swimming,200m individual medley women,0.1089918256130861
2000,2008,Swimming,400m freestyle men,0.26142612458307857
2000,2008,Swimming,400m freestyle women,0.028780527917123298
2000,2008,Swimming,400m individual medley men,0.9514435695537983
2000,2008,Swimming,400m individual medley women,0.16329560215253633
2000,2008,Swimming,4x100m freestyle relay men,0.042498937526559415
2000,2008,Swimming,4x100m freestyle relay women,0.2666541916167792
2000,2008,Swimming,4x100m medley relay men,0.3343842552784943
2000,2008,Swimming,4x100m medley relay women,0.2621513601787747
2000,2008,Swimming,4x200m freestyle relay men,1.2280198776758322
2000,2008,Swimming,4x200m freestyle relay women,0.34890482651676286
2000,2008,Swimming,50m freestyle men,0.7042253521126761
2000,2008,Swimming,50m freestyle women,0.04156275976724618
2000,2008,Swimming,800m freestyle women,1.2406395466504794
2000,2008,Triathlon,Individual men,0.079439423995289
2000,2008,Triathlon,Individual women,0.942222897549963
2020,2022,Speed skating,Men's 500m,0.20396270396270066
2020,2022,Speed skating,Women's 500m,0.21598272138229252
1930,1936,Athletics,10000m men,0.011016855789357717
1930,1936,Athletics,110m hurdles men,1.4084507042253522
1930,1936,Athletics,1500m men,0.2633889376646181
1930,1936,Athletics,200m men,1.932367149758454
1930,1936,Athletics,3000m steeplechase men,0.5516734093416698
1930,1936,Athletics,400m hurdles men,0.5725190839694656
1930,1936,Athletics,400m men,0.43010752688172044
1930,1936,Athletics,4x100m relay men,3.2663316582914574
1930,1936,Athletics,4x100m relay women,1.4925373134328357
1930,1936,Athletics,4x400m relay men,1.0582010582010581
1930,1936,Athletics,5000m men,0.41753653444676403
1930,1936,Athletics,50km walk men,0.5405937911756376
1930,1936,Athletics,800m men,0.354295837023915
1930,1936,Athletics,decathlon men,4.099560761346998
1930,1936,Athletics,marathon men,1.3840521475131708
1930,1936,Canoe Sprint,K1 1000m kayak single men,1.0270064663370102
1930,1936,Canoe Sprint,K2 1000m kayak double men,2.0918785890073828
1930,1936,Cycling Road,individual road race men,0.0021774632553075665
1930,1936,Cycling Road,team time trial men,0.015241579027587259
1930,1936,Cycling Track,1km time trial men,1.1111111111111112
1930,1936,Rowing,double sculls 2x men,1.2250453720508168
1930,1936,Rowing,eight with coxswain 8 men,0.15568240788790866
1930,1936,Rowing,four without coxswain 4 men,1.1142721669037459
1930,1936,Rowing,four-oared shell with coxswain men,1.8569463548830811
1930,1936,Rowing,pair without coxswain 2 men,0.6248740173352146
1930,1936,Rowing,pair-oared shell with coxswain men,2.476301025343393
1930,1936,Rowing,single sculls 1x men,0.8574277168494517
1930,1936,Swimming,100m backstroke men,2.731411229135053
1930,1936,Swimming,100m backstroke women,0.38022813688212925
1930,1936,Swimming,100m freestyle men,0.5208333333333333
1930,1936,Swimming,100m freestyle women,0.7587253414264037
1930,1936,Swimming,1500m freestyle men,1.7595562104533242
1930,1936,Swimming,200m breaststroke men,0.8668730650154799
1930,1936,Swimming,200m breaststroke women,0.32679738562091504
1930,1936,Swimming,400m freestyle men,0.3866432337434095
1930,1936,Swimming,400m freestyle women,0.33700980392156865
1930,1936,Swimming,4x100m freestyle relay women,0.2898550724637681
1930,1936,Swimming,4x200m freestyle relay men,2.1636876763875823
1980,1988,Alpine Skiing,downhill men,0.4263144696146566
1980,1988,Alpine Skiing,downhill women,0.8735150244584206
1980,1988,Alpine Skiing,giant slalom men,0.8229801376908967
1980,1988,Alpine Skiing,giant slalom women,0.7352359870345445
1980,1988,Alpine Skiing,slalom men,0.06031969438020599
1980,1988,Alpine Skiing,slalom women,1.737511635122564
1980,1988,Alpine Skiing,super-G men,1.3044350792695163
1980,1988,Alpine Skiing,super-G women,1.2653422750854106
1980,1988,Bobsleigh,four-man men,0.030767878335030235
1980,1988,Bobsleigh,two-man men,0.3040945691279728
1980,1988,Cross Country Skiing,10km women,0.4811148592600786
1980,1988,Cross Country Skiing,15km men,0.5849368671588204
1980,1988,Cross Country Skiing,20km women,0.5725190839694656
1980,1988,Cross Country Skiing,30km mass start men,0.17369678068807612
1980,1988,Cross Country Skiing,50km men,0.876735065387035
1980,1988,Cross Country Skiing,5km women,0.14380530973451328
1980,1988,Cross Country Skiing,Relay 4x10km men,0.20357131407687623
1980,1988,Cross Country Skiing,Relay 4x5km women,2.8375706608003117
1980,1988,Luge,Doubles mixed,0.10767892103545891
1980,1988,Luge,Singles men,0.19833142906418091
1980,1988,Luge,Singles women,0.07174965891733767
1980,1988,Speed skating,10000m men,0.955083313209374
1980,1988,Speed skating,1000m men,0.10954402300425417
1980,1988,Speed skating,1000m women,0.0643915003219575
1980,1988,Speed skating,1500m men,0.05354274495807036
1980,1988,Speed skating,1500m women,0.11600928074246694
1980,1988,Speed skating,3000m women,0.05953798523457966
1980,1988,Speed skating,5000m men,0.08649877666015866
1980,1988,Speed skating,5000m women,0.688733789417908
1980,1988,Speed skating,500m men,0.8504801097393753
1980,1988,Speed skating,500m women,0.05115089514066205
1920,1924,Bobsleigh,four-man men,0.9521328934421511
1920,1924,Cross Country Skiing,18km men,1.7802030683902133
1920,1924,Cross Country Skiing,50km men,0.8239311163895486
1920,1924,Speed skating,10000m men,0.27654867256637167
1920,1924,Speed skating,1500m men,0.8522727272727272
1920,1924,Speed skating,5000m men,1.8111753371868977
1920,1924,Speed skating,500m men,0.45454545454545453
1950,1956,Alpine Skiing,downhill men,2.0325203252032518
1950,1956,Alpine Skiing,downhill women,4.667328699106256
1950,1956,Alpine Skiing,giant slalom men,3.4425319267073844
1950,1956,Alpine Skiing,giant slalom women,1.1158798283261802
1950,1956,Alpine Skiing,slalom men,2.054442732408834
1950,1956,Alpine Skiing,slalom women,2.7604630454140695
1950,1956,Bobsleigh,fourman men,0.5347249065842001
1950,1956,Bobsleigh,twoman men,0.3968013570000578
1950,1956,Cross Country Skiing,10km women,0.2182453077258839
1950,1956,Cross Country Skiing,15km men,1.1748909029875798
1950,1956,Cross Country Skiing,30km mass start men,0.38424591738712777
1950,1956,Cross Country Skiing,50km men,0.7626870049867996
1950,1956,Cross Country Skiing,Relay 3x5km women,0.6520164211543106
1950,1956,Cross Country Skiing,Relay 4x10km men,0.7503075030750307
1950,1956,Speed skating,10000m men,0.10041168792047393
1950,1956,Speed skating,5000m men,1.7068487305312567
1950,1956,Speed skating,500m men,1.4925373134328357
1930,1936,Bobsleigh,four-man men,0.9004220728466525
1930,1936,Bobsleigh,two-man men,0.40997297215220624
1930,1936,Cross Country Skiing,18km men,1.2282268870031265
1930,1936,Cross Country Skiing,50km men,1.498691618428356
1930,1936,Cross Country Skiing,Relay 4x10km men,0.06190034045187248
1930,1936,Speed skating,10000m men,0.37345590347601265
1930,1936,Speed skating,1500m men,0.7183908045977011
1930,1936,Speed skating,5000m men,0.7405924739791834
1930,1936,Speed skating,500m men,0.2304147465437788
1960,1968,Alpine Skiing,downhill men,0.06675010429703418
1960,1968,Alpine Skiing,downhill women,0.45603251710121034
1960,1968,Alpine Skiing,giant slalom men,1.0607798165137527
1960,1968,Alpine Skiing,giant slalom women,2.357774403858164
1960,1968,Alpine Skiing,slalom men,0.09024365787627504
1960,1968,Alpine Skiing,slalom women,0.33775914279058666
1960,1968,Bobsleigh,four-man men,0.0655069510153478
1960,1968,Cross Country Skiing,10km women,3.0863358259687286
1960,1968,Cross Country Skiing,15km men,0.0661053510542064
1960,1968,Cross Country Skiing,30km mass start men,0.8659743518260385
1960,1968,Cross Country Skiing,50km men,0.18709807524255528
1960,1968,Cross Country Skiing,5km women,0.31834460803820136
1960,1968,Cross Country Skiing,Relay 3x5km women,0.6086956521739131
1960,1968,Cross Country Skiing,Relay 4x10km men,1.2925390549037403
1960,1968,Luge,Doubles mixed,0.5112154407929033
1960,1968,Luge,Singles men,0.1043599257884946
1960,1968,Luge,Singles women,0.4775998923718644
1960,1968,Speed skating,10000m men,0.032481593763533996
1960,1968,Speed skating,1000m women,0.32397408207343414
1960,1968,Speed skating,1500m men,1.2965964343598055
1960,1968,Speed skating,1500m women,0.21067415730337077
1960,1968,Speed skating,3000m women,1.6205266711681297
1960,1968,Speed skating,5000m men,0.18083182640144665
1960,1968,Speed skating,500m men,0.49627791563275436
1960,1968,Speed skating,500m women,0.43383947939262474
1950,1952,Athletics,10000m men,0.8992601024473533
1950,1952,Athletics,10000m walk men,1.4133491194317005
1950,1952,Athletics,100m women,2.608695652173913
1950,1952,Athletics,200m men,0.4830917874396135
1950,1952,Athletics,200m women,2.109704641350211
1950,1952,Athletics,3000m steeplechase men,1.180053292729349
1950,1952,Athletics,400m hurdles men,0.984251968503937
1950,1952,Athletics,4x100m relay men,0.4987531172069825
1950,1952,Athletics,4x400m relay men,0.0543773790103317
1950,1952,Athletics,5000m men,0.09449562957713206
1950,1952,Athletics,50km walk men,0.8080657392558336
1950,1952,Athletics,800m men,0.18315018315018314
1950,1952,Athletics,80m hurdles women,1.834862385321101
1950,1952,Athletics,decathlon men,5.639614855570839
1950,1952,Athletics,marathon men,1.7685711622704818
1950,1952,Canoe Sprint,C1 1000m canoe single men,2.463719203509956
1950,1952,Canoe Sprint,C2 1000m canoe double men,1.6528925619834711
1950,1952,Canoe Sprint,K1 1000m kayak single men,0.7260992335619202
1950,1952,Canoe Sprint,K1 500m kayak single women,0.2890173410404624
1950,1952,Cycling Road,team time trial men,1.376917312558601
1950,1952,Cycling Track,1km time trial men,2.250351617440225
1950,1952,Rowing,double sculls 2x men,1.3489606368863336
1950,1952,Rowing,eight with coxswain 8 men,1.3734128012438456
1950,1952,Rowing,four without coxswain 4 men,0.6651376146788991
1950,1952,Rowing,four-oared shell with coxswain men,0.6837229819144243
1950,1952,Rowing,pair without coxswain 2 men,0.5592170960655083
1950,1952,Rowing,pair-oared shell with coxswain men,0.6881635863153756
1950,1952,Rowing,single sculls 1x men,0.3449675324675325
1950,1952,Swimming,100m backstroke men,1.2232415902140672
1950,1952,Swimming,100m backstroke women,0.2691790040376851
1950,1952,Swimming,100m freestyle women,0.29940119760479045
1950,1952,Swimming,1500m freestyle men,0.9997298027560119
1950,1952,Swimming,200m breaststroke men,0.19430051813471502
1950,1952,Swimming,200m breaststroke women,1.57251019219569
1950,1952,Swimming,400m freestyle men,0.2216475803472479
1950,1952,Swimming,400m freestyle women,0.5126561999359179
1950,1952,Swimming,4x100m freestyle relay women,1.739788199697428
1950,1952,Swimming,4x200m freestyle relay men,0.46957542555272935
1960,1964,Alpine Skiing,downhill men,0.5356108859293639
1960,1964,Alpine Skiing,downhill women,0.8926250108328238
1960,1964,Alpine Skiing,giant slalom men,0.35610533220880725
1960,1964,Alpine Skiing,giant slalom women,0.7751247327155931
1960,1964,Alpine Skiing,slalom men,0.10676427972241981
1960,1964,Alpine Skiing,slalom women,1.012686401068331
1960,1964,Bobsleigh,four-man men,0.4008488564018028
1960,1964,Bobsleigh,two-man men,0.0458190148911729
1960,1964,Cross Country Skiing,10km women,0.09487274677226415
1960,1964,Cross Country Skiing,15km men,1.332634818768213
1960,1964,Cross Country Skiing,30km mass start men,1.313592749555103
1960,1964,Cross Country Skiing,50km men,0.6671683989992474
1960,1964,Cross Country Skiing,5km women,0.2241943017281644
1960,1964,Cross Country Skiing,Relay 3x5km women,3.5615976630526376
1960,1964,Cross Country Skiing,Relay 4x10km men,0.09381088687369206
1960,1964,Luge,Doubles mixed,0.285376894312141
1960,1964,Luge,Singles men,0.13057987135465846
1960,1964,Luge,Singles women,1.343626325304137
1960,1964,Speed skating,10000m men,1.6735080517840228
1960,1964,Speed skating,1000m women,1.1802575107296138
1960,1964,Speed skating,1500m men,0.23023791250959325
1960,1964,Speed skating,1500m women,2.0336605890603083
1960,1964,Speed skating,3000m women,1.1432200698634487
1960,1964,Speed skating,5000m men,0.04363001745200698
1960,1964,Speed skating,500m men,1.2468827930174564
1960,1964,Speed skating,500m women,0.8888888888888888
1970,1976,Alpine Skiing,downhill men,0.31211576657523454
1970,1976,Alpine Skiing,downhill women,0.48982667671439767
1970,1976,Alpine Skiing,giant slalom men,0.09663236217809346
1970,1976,Alpine Skiing,giant slalom women,0.13463480309660558
1970,1976,Alpine Skiing,slalom men,0.3568821477816419
1970,1976,Alpine Skiing,slalom women,0.36447978793904
1970,1976,Bobsleigh,four-man men,0.2086830286258635
1970,1976,Bobsleigh,two-man men,0.2539880581053504
1970,1976,Cross Country Skiing,10km women,0.04797591278310326
1970,1976,Cross Country Skiing,15km men,0.09967898062134219
1970,1976,Cross Country Skiing,30km mass start men,0.5241850819062186
1970,1976,Cross Country Skiing,50km men,0.45671716022667164
1970,1976,Cross Country Skiing,5km women,0.10962485111047483
1970,1976,Cross Country Skiing,Relay 4x10km men,1.5448479892496194
1970,1976,Cross Country Skiing,Relay 4x5km women,1.150439216168062
1970,1976,Luge,Doubles mixed,0.3329283678332815
1970,1976,Luge,Singles men,0.24459766572935976
1970,1976,Luge,Singles women,0.1318712233546867
1970,1976,Speed skating,10000m men,0.30429265992207827
1970,1976,Speed skating,1000m men,1.4246091780131056
1970,1976,Speed skating,1000m women,0.1583173131290389
1970,1976,Speed skating,1500m men,0.49422013737645254
1970,1976,Speed skating,1500m women,0.35144237809342177
1970,1976,Speed skating,3000m women,0.014025737227816226
1970,1976,Speed skating,5000m men,0.4477141828653625
1970,1976,Speed skating,500m men,0.20423793719683722
1970,1976,Speed skating,500m women,0.8419083255378778
1930,1932,Bobsleigh,four-man men,0.4264482350954192
1930,1932,Bobsleigh,two-man men,0.31127460888548625
1930,1932,Cross Country Skiing,18km men,2.40625626629236
1930,1932,Cross Country Skiing,50km men,0.12437810945273632
1980,1980,Alpine Skiing,downhill men,0.5876777251184877
1980,1980,Alpine Skiing,downhill women,0.7178014766201805
1980,1980,Alpine Skiing,giant slalom men,0.46659201194475547
1980,1980,Alpine Skiing,giant slalom women,0.28454781640480864
1980,1980,Alpine Skiing,slalom men,0.47957030500671405
1980,1980,Alpine Skiing,slalom women,1.6570689857797651
1980,1980,Bobsleigh,four-man men,0.39596532177392463
1980,1980,Bobsleigh,two-man men,0.6296118062239443
1980,1980,Cross Country Skiing,10km women,0.19164200618058325
1980,1980,Cross Country Skiing,15km men,0.0003971989529922299
1980,1980,Cross Country Skiing,30km mass start men,0.6015930152408614
1980,1980,Cross Country Skiing,50km men,1.989010243538427
1980,1980,Cross Country Skiing,5km women,0.5557270762581004
1980,1980,Cross Country Skiing,Relay 4x10km men,1.4566894379693074
1980,1980,Cross Country Skiing,Relay 4x5km women,1.801077430248452
1980,1980,Luge,Doubles mixed,0.34664885101662657
1980,1980,Luge,Singles men,0.32952699146433506
1980,1980,Luge,Singles women,0.7154857956904787
1980,1980,Speed skating,10000m men,0.9100019582320621
1980,1980,Speed skating,1000m men,1.9952114924181963
1980,1980,Speed skating,1000m women,1.557669441141501
1980,1980,Speed skating,1500m men,1.186763686763671
1980,1980,Speed skating,1500m women,1.069110347460863
1980,1980,Speed skating,3000m women,0.24253114320361255
1980,1980,Speed skating,5000m men,0.23443605105497514
1980,1980,Speed skating,500m men,0.8940310281356765
1980,1980,Speed skating,500m women,1.1488750598372455
1990,1994,Alpine Skiing,alpine combined men,0.5163772591505111
1990,1994,Alpine Skiing,alpine combined women,0.07020954849860564
1990,1994,Alpine Skiing,downhill men,0.03782505910166344
1990,1994,Alpine Skiing,downhill women,0.6880016678828337
1990,1994,Alpine Skiing,giant slalom men,0.011596892032937811
1990,1994,Alpine Skiing,giant slalom women,0.808107571040607
1990,1994,Alpine Skiing,slalom men,0.12293066710375349
1990,1994,Alpine Skiing,slalom women,0.29307818291527377
1990,1994,Alpine Skiing,super-G men,0.08645844590944216
1990,1994,Alpine Skiing,super-G women,0.35301278149725834
1990,1994,Bobsleigh,four-man men,0.028876696505915345
1990,1994,Bobsleigh,two-man men,0.023718039941179263
1990,1994,Cross Country Skiing,10km pursuit men,1.2464899664406548
1990,1994,Cross Country Skiing,15km mass start women,3.292094778779618
1990,1994,Cross Country Skiing,30km mass start men,1.085956193631511
1990,1994,Cross Country Skiing,30km women,0.3150770188268243
1990,1994,Cross Country Skiing,50km men,1.0680208892320984
1990,1994,Cross Country Skiing,5km women,2.2973609802073516
1990,1994,Cross Country Skiing,Relay 4x10km men,0.006584362139917696
1990,1994,Cross Country Skiing,Relay 4x5km women,0.876911871813547
1990,1994,Luge,Doubles mixed,0.050661703887511275
1990,1994,Luge,Singles men,0.006449340430909296
1990,1994,Luge,Singles women,0.38820153746221137
1990,1994,Speed skating,10000m men,2.307075442600703
1990,1994,Speed skating,1000m men,0.4003865801463608
1990,1994,Speed skating,1000m women,1.752603505207019
1990,1994,Speed skating,1500m men,0.628987330398059
1990,1994,Speed skating,1500m women,0.4091987887715852
1990,1994,Speed skating,3000m women,0.27580313094821535
1990,1994,Speed skating,5000m men,1.9546283167915808
1990,1994,Speed skating,5000m women,0.11741142344085374
1990,1994,Speed skating,500m men,0.16515276630882628
1990,1994,Speed skating,500m women,0.9171974522293052
1900,1908,Athletics,"1,600 metres Medley Relay Men",1.4326647564469914
1900,1908,Athletics,10miles walk 1609m men,2.0538026067494624
1900,1908,Athletics,3500m walk men,1.3854748603351956
1900,1908,Athletics,5 miles 8047m men,0.8470089994706195
1900,1908,Athletics,marathon men,0.4525403103133556
1900,1908,Swimming,100m backstroke men,2.3640661938534278
1900,1908,Swimming,100m freestyle men,0.9146341463414633
1900,1908,Swimming,1500m freestyle men,0.20461853259280913
1900,1908,Swimming,200m breaststroke men,1.9027484143763214
1900,1908,Swimming,400m freestyle men,2.197149643705463
1900,1908,Swimming,4x200m freestyle relay men,0.5186089078706528
1940,1948,Athletics,10000m men,2.65614581018004
1940,1948,Athletics,10000m walk men,1.1278195488721803
1940,1948,Athletics,100m men,0.9708737864077669
1940,1948,Athletics,100m women,2.5210084033613445
1940,1948,Athletics,110m hurdles men,1.4388489208633095
1940,1948,Athletics,1500m men,0.26109660574412535
1940,1948,Athletics,200m women,2.8688524590163933
1940,1948,Athletics,3000m steeplechase men,0.6610356224752112
1940,1948,Athletics,400m hurdles men,1.36986301369863
1940,1948,Athletics,400m men,0.4329004329004329
1940,1948,Athletics,4x100m relay men,1.7241379310344827
1940,1948,Athletics,4x100m relay women,0.21052631578947367
1940,1948,Athletics,4x400m relay men,2.3109243697478994
1940,1948,Athletics,5000m men,0.023320895522388058
1940,1948,Athletics,50km walk men,2.2764900662251653
1940,1948,Athletics,800m men,0.27472527472527475
1940,1948,Athletics,marathon men,0.17219854492229542
1940,1948,Canoe Marathon,C-1 10000m men,0.9449157092236659
1940,1948,Canoe Marathon,C-2 10000m men,3.0726589974369674
1940,1948,Canoe Marathon,K-1 10000m men,1.0007546674541459
1940,1948,Canoe Marathon,K-2 10000m men,1.2782552177366937
1940,1948,Canoe Sprint,K1 1000m kayak single men,2.452415812591508
1940,1948,Canoe Sprint,K1 500m kayak single women,0.5924950625411455
1940,1948,Canoe Sprint,K2 1000m kayak double men,0.08087343307723413
1940,1948,Cycling Road,team time trial men,0.546459492081381
1940,1948,Cycling Track,1km time trial men,1.3605442176870748
1940,1948,Rowing,double sculls 2x men,0.9725261366399223
1940,1948,Rowing,eight with coxswain 8 men,2.859545836837679
1940,1948,Rowing,four without coxswain 4 men,1.1278195488721803
1940,1948,Rowing,four-oared shell with coxswain men,0.7311723129417499
1940,1948,Rowing,pair without coxswain 2 men,0.6347766946270688
1940,1948,Rowing,pair-oared shell with coxswain men,2.4349635796045788
1940,1948,Rowing,single sculls 1x men,3.1053105310531053
1940,1948,Swimming,100m backstroke men,0.15060240963855423
1940,1948,Swimming,100m backstroke women,2.1505376344086025
1940,1948,Swimming,100m freestyle men,0.8726003490401396
1940,1948,Swimming,100m freestyle women,0.301659125188537
1940,1948,Swimming,1500m freestyle men,1.1048769961156668
1940,1948,Swimming,200m breaststroke men,0.5649717514124294
1940,1948,Swimming,200m breaststroke women,0.28216704288939054
1940,1948,Swimming,400m freestyle men,0.8540925266903915
1940,1948,Swimming,400m freestyle women,1.0698552548772813
1940,1948,Swimming,4x100m freestyle relay women,0.1485884101040119
1940,1948,Swimming,4x200m freestyle relay men,0.45627376425855515
2010,2012,Athletics,10000m men,0.0290835060166459
2010,2012,Athletics,10000m women,0.30866401208293687
2010,2012,Athletics,100m hurdles women,0.16194331983805899
2010,2012,Athletics,100m men,1.246105919003118
2010,2012,Athletics,100m women,0.27906976744185785
2010,2012,Athletics,110m hurdles men,0.928792569659456
2010,2012,Athletics,1500m men,0.3316517189835533
2010,2012,Athletics,200m men,0.6211180124223692
2010,2012,Athletics,200m women,0.9597806215722093
2010,2012,Athletics,20km race walk women,0.27440219521756176
2010,2012,Athletics,20km walk men,0.23275497249259416
2010,2012,Athletics,3000m steeplechase men,0.10430038510911058
2010,2012,Athletics,3000m steeplechase women,0.26806718091799003
2010,2012,Athletics,400m hurdles men,0.5878647910980498
2010,2012,Athletics,400m hurdles women,0.132827324478187
2010,2012,Athletics,400m men,1.1834319526627324
2010,2012,Athletics,400m women,0.30272452068617556
2010,2012,Athletics,4x100m relay men,3.4744842562432177
2010,2012,Athletics,4x100m relay women,1.4453699167075047
2010,2012,Athletics,4x400m relay men,0.1867360796740581
2010,2012,Athletics,4x400m relay women,2.0724335856148706
2010,2012,Athletics,5000m men,0.03894554925393604
2010,2012,Athletics,5000m women,0.05308266519214014
2010,2012,Athletics,50km walk men,0.17674633059248443
2010,2012,Athletics,800m men,0.8126052918442108
2010,2012,Athletics,800m women,0.2559071909920669
2010,2012,Athletics,marathon men,0.33849759145944536
2010,2012,Athletics,marathon women,0.058227553278211254
2010,2012,Canoe Slalom,C1 canoe single men,1.061199258190805
2010,2012,Canoe Slalom,C2 canoe double men,0.33831406822665405
2010,2012,Canoe Slalom,K1 kayak single men,1.444932034678369
2010,2012,Canoe Slalom,K1 kayak single women,0.5760151085930116
2010,2012,Canoe Sprint,K4 1000m kayak four men,0.35068680926407747
2010,2012,Canoe Sprint,K4 500m kayak four women,0.5185682671452361
2010,2012,Cycling BMX,Individual men,0.9394294230359883
2010,2012,Cycling BMX,Individual women,1.1324457645997936
2010,2012,Cycling Road,individual time trial men,1.3817880337156279
2010,2012,Cycling Road,individual time trial women,0.6860858072928248
2010,2012,Swimming,100m backstroke men,1.4570552147239306
2010,2012,Swimming,100m backstroke women,0.6000342876735814
2010,2012,Swimming,100m breaststroke men,0.8039685254875011
2010,2012,Swimming,100m breaststroke women,0.12219337100961578
2010,2012,Swimming,100m butterfly men,0.44913102909587077
2010,2012,Swimming,100m butterfly women,1.5898535191139855
2010,2012,Swimming,100m freestyle men,0.02104377104377583
2010,2012,Swimming,100m freestyle women,0.7169811320754631
2010,2012,Swimming,1500m freestyle men,0.9884962457807919
2010,2012,Swimming,200m backstroke men,0.32624988978044667
2010,2012,Swimming,200m backstroke women,1.4992745445752167
2010,2012,Swimming,200m breaststroke men,0.11785040854808299
2010,2012,Swimming,200m breaststroke women,0.809513575471019
2010,2012,Swimming,200m butterfly men,0.04426345609065156
2010,2012,Swimming,200m butterfly women,0.9592132838948969
2010,2012,Swimming,200m freestyle men,1.7355051386464866
2010,2012,Swimming,200m freestyle women,1.7340022885309434
2010,2012,Swimming,200m individual medley men,0.5513258072984996
2010,2012,Swimming,200m individual medley women,0.4546523477306541
2010,2012,Swimming,400m freestyle men,0.8721722540201606
2010,2012,Swimming,400m freestyle women,0.13253261544832545
2010,2012,Swimming,400m individual medley men,1.5009380863039288
2010,2012,Swimming,400m individual medley women,1.0580039488879647
2010,2012,Swimming,4x100m freestyle relay men,0.23692939504027802
2010,2012,Swimming,4x100m freestyle relay women,0.3002580342481863
2010,2012,Swimming,4x100m medley relay men,0.9123477430140868
2010,2012,Swimming,4x100m medley relay women,0.8489549666020175
2010,2012,Swimming,4x200m freestyle relay men,0.7314748629973747
2010,2012,Swimming,4x200m freestyle relay women,0.3218698695239036
2010,2012,Swimming,50m freestyle men,0.937207122774133
2010,2012,Swimming,50m freestyle women,0.9563409563409611
2010,2012,Swimming,800m freestyle women,0.8349675515031475
2010,2012,Triathlon,Individual men,0.17227877838684416
1930,1932,Athletics,10000m men,0.06624710168930109
1930,1932,Athletics,110m hurdles men,0.684931506849315
1930,1932,Athletics,1500m men,0.6055363321799307
1930,1932,Athletics,200m men,0.9433962264150944
1930,1932,Athletics,3000m steeplechase men,1.9892642879696874
1930,1932,Athletics,400m hurdles men,0.19305019305019305
1930,1932,Athletics,400m men,0.4329004329004329
1930,1932,Athletics,4x100m relay men,2.25
1930,1932,Athletics,4x400m relay men,1.5940488841657812
1930,1932,Athletics,50km walk men,2.469844916714532
1930,1932,Athletics,800m men,0.18231540565177756
1930,1932,Athletics,marathon men,0.2088830255057168
1930,1932,Cycling Road,individual time trial men,0.8530656342846853
1930,1932,Cycling Road,team time trial men,2.5898819461006437
1930,1932,Cycling Track,1km time trial men,0.410958904109589
1930,1932,Gymnastics Artistic,rope climbing men,1.4925373134328357
1930,1932,Rowing,double sculls 2x men,1.2345679012345678
1930,1932,Rowing,eight with coxswain 8 men,0.05030181086519115
1930,1932,Rowing,four without coxswain 4 men,1.1477761836441895
1930,1932,Rowing,four-oared shell with coxswain men,0.04555808656036447
1930,1932,Rowing,pair without coxswain 2 men,0.5
1930,1932,Rowing,single sculls 1x men,0.17226528854435832
1930,1932,Swimming,100m backstroke men,1.749271137026239
1930,1932,Swimming,100m backstroke women,2.392947103274559
1930,1932,Swimming,100m freestyle men,0.6872852233676976
1930,1932,Swimming,100m freestyle women,1.4970059880239521
1930,1932,Swimming,1500m freestyle men,0.14751822283929192
1930,1932,Swimming,200m breaststroke men,0.7255139056831923
1930,1932,Swimming,200m breaststroke women,0.05367686527106817
1930,1932,Swimming,400m freestyle men,0.03467406380027739
1930,1932,Swimming,400m freestyle women,0.030441400304414005
1930,1932,Swimming,4x100m freestyle relay women,3.41726618705036
1930,1932,Swimming,4x200m freestyle relay men,2.24739970282318
1980,1984,Athletics,10000m men,1.1202130083836026
1980,1984,Athletics,100m hurdles women,0.31152647975078324
1980,1984,Athletics,100m men,2.002002002002002
1980,1984,Athletics,100m women,1.4585232452142154
1980,1984,Athletics,110m hurdles men,0.2272727272727359
1980,1984,Athletics,1500m men,0.40935397355666575
1980,1984,Athletics,1500m women,0.20966084275436417
1980,1984,Athletics,200m men,0.8080808080808052
1980,1984,Athletics,200m women,1.0545621274644712
1980,1984,Athletics,20km walk men,0.1401962747846986
1980,1984,Athletics,3000m steeplechase men,0.3070353802358756
1980,1984,Athletics,3000m women,0.6802852934335889
1980,1984,Athletics,400m hurdles men,0.7958115183246097
1980,1984,Athletics,400m hurdles women,1.0803882072880384
1980,1984,Athletics,400m men,0.609893833295683
1980,1984,Athletics,400m women,0.4505426991603499
1980,1984,Athletics,4x100m relay men,2.0882897171556905
1980,1984,Athletics,4x100m relay women,2.6890756302520984
1980,1984,Athletics,4x400m relay men,0.6857399808892163
1980,1984,Athletics,4x400m relay women,1.4725906500579866
1980,1984,Athletics,5000m men,0.24822108224391862
1980,1984,Athletics,50km walk men,2.5868386340319507
1980,1984,Athletics,800m men,0.6213592233009797
1980,1984,Athletics,800m women,0.8758503401360507
1980,1984,Athletics,heptathlon women,1.8840468714099647
1980,1984,Athletics,marathon men,0.45097281278185797
1980,1984,Athletics,marathon women,0.9894155545329039
1980,1984,Canoe Sprint,C1 1000m canoe single men,0.9540435206235792
1980,1984,Canoe Sprint,C1 500m canoe single men,1.2306640458080584
1980,1984,Canoe Sprint,C2 1000m canoe double men,0.43517679057116543
1980,1984,Canoe Sprint,C2 500m canoe double men,1.938844410147575
1980,1984,Canoe Sprint,K1 1000m kayak single men,0.5094582022770566
1980,1984,Canoe Sprint,K1 500m kayak single men,0.3152818991097796
1980,1984,Canoe Sprint,K1 500m kayak single women,1.0192048517520138
1980,1984,Canoe Sprint,K2 1000m kayak double men,0.8569190089119466
1980,1984,Canoe Sprint,K2 500m kayak double men,1.1145313660970173
1980,1984,Canoe Sprint,K2 500m kayak double women,1.7862232779097345
1980,1984,Canoe Sprint,K4 1000m kayak four men,0.2907614658766708
1980,1984,Canoe Sprint,K4 500m kayak four women,0.5389465121008814
1980,1984,Cycling Road,team time trial men,3.517163759144626
1980,1984,Cycling Track,1km time trial men,0.5143721633888013
1980,1984,Rowing,eight with coxswain 8 men,0.12305168170632466
1980,1984,Rowing,quadruple sculls with coxswain women,0.7521508423059161
1980,1984,Swimming,100m backstroke men,1.0037641154328774
1980,1984,Swimming,100m backstroke women,0.12789768185450912
1980,1984,Swimming,100m breaststroke men,0.5515004055150003
1980,1984,Swimming,100m breaststroke women,1.1591299370349204
1980,1984,Swimming,100m butterfly men,0.2825923134890731
1980,1984,Swimming,100m butterfly women,1.569355383057704
1980,1984,Swimming,100m freestyle men,0.8835341365461802
1980,1984,Swimming,1500m freestyle men,0.5954485196641586
1980,1984,Swimming,200m backstroke men,1.2642435332279836
1980,1984,Swimming,200m backstroke women,0.4985647378758224
1980,1984,Swimming,200m breaststroke men,1.83740812959352
1980,1984,Swimming,200m breaststroke women,0.5120361750232774
1980,1984,Swimming,200m butterfly men,0.307587149692405
1980,1984,Swimming,200m butterfly women,2.8841607565011746
1980,1984,Swimming,200m freestyle men,1.5450483991064694
1980,1984,Swimming,200m freestyle women,0.22645307389080313
1980,1984,Swimming,200m individual medley men,1.342447702190739
1980,1984,Swimming,200m individual medley women,1.9074185765983076
1980,1984,Swimming,400m freestyle men,0.11244215715953418
1980,1984,Swimming,400m freestyle women,1.2828814245244766
1980,1984,Swimming,400m individual medley men,0.40402470766481846
1980,1984,Swimming,400m individual medley women,3.2445208422862017
1980,1984,Swimming,4x100m freestyle relay men,0.32658393207054215
1980,1984,Swimming,4x100m freestyle relay women,0.43414044667232765
1980,1984,Swimming,4x100m medley relay men,1.7920656634747005
1980,1984,Swimming,4x100m medley relay women,1.4617057260207669
1980,1984,Swimming,4x200m freestyle relay men,0.009180839587792828
1980,1984,Swimming,800m freestyle women,1.1446677888899925
1950,1956,Athletics,10000m men,0.39406583217431623
1950,1956,Athletics,100m women,1.7391304347826086
1950,1956,Athletics,1500m men,0.3616636528028933
1950,1956,Athletics,200m men,0.48543689320388345
1950,1956,Athletics,200m women,1.282051282051282
1950,1956,Athletics,20km walk men,0.6487589751066078
1950,1956,Athletics,3000m steeplechase men,0.4604758250191865
1950,1956,Athletics,400m hurdles men,1.3972055888223553
1950,1956,Athletics,400m men,0.21413276231263384
1950,1956,Athletics,4x100m relay men,0.7594936708860759
1950,1956,Athletics,4x100m relay women,0.44943820224719105
1950,1956,Athletics,4x400m relay men,0.7575757575757576
1950,1956,Athletics,5000m men,1.3421181063933627
1950,1956,Athletics,50km walk men,0.8262122294185732
1950,1956,Athletics,800m men,0.09285051067780872
1950,1956,Athletics,80m hurdles women,1.8691588785046727
1950,1956,Athletics,decathlon men,1.2388162422573985
1950,1956,Athletics,marathon men,1.0574712643678161
1950,1956,Canoe Marathon,C-1 10000m men,0.8820935019112026
1950,1956,Canoe Marathon,C-2 10000m men,1.4156180606957809
1950,1956,Canoe Marathon,K-1 10000m men,0.34574282321715444
1950,1956,Canoe Marathon,K-2 10000m men,0.13756209400076425
1950,1956,Canoe Sprint,C2 1000m canoe double men,0.41753653444676403
1950,1956,Canoe Sprint,K1 1000m kayak single men,0.9889240506329114
1950,1956,Canoe Sprint,K1 500m kayak single women,0.5039596832253419
1950,1956,Canoe Sprint,K2 1000m kayak double men,0.7839721254355401
1950,1956,Cycling Track,1km time trial men,2.292263610315186
1950,1956,Rowing,double sculls 2x men,1.8468468468468466
1950,1956,Rowing,eight with coxswain 8 men,0.4807692307692308
1950,1956,Rowing,four without coxswain 4 men,2.2388059701492535
1950,1956,Rowing,four-oared shell with coxswain men,0.6827492034592627
1950,1956,Rowing,pair without coxswain 2 men,1.787968026924695
1950,1956,Rowing,pair-oared shell with coxswain men,0.6125271685437661
1950,1956,Rowing,single sculls 1x men,1.077720207253886
1950,1956,Swimming,100m backstroke men,1.607717041800643
1950,1956,Swimming,100m butterfly women,1.267605633802817
1950,1956,Swimming,100m freestyle men,0.7220216606498195
1950,1956,Swimming,100m freestyle women,0.4838709677419355
1950,1956,Swimming,1500m freestyle men,0.12976179442024283
1950,1956,Swimming,200m breaststroke men,1.2928248222365868
1950,1956,Swimming,200m breaststroke women,0.9820912767186597
1950,1956,Swimming,200m butterfly men,3.230437903804738
1950,1956,Swimming,400m freestyle men,1.1597456041900485
1950,1956,Swimming,400m freestyle women,2.681602172437203
1950,1956,Swimming,4x100m freestyle relay women,0.8168028004667445
1950,1956,Swimming,4x200m freestyle relay men,1.5687053216838762
1960,1968,Athletics,10000m men,0.03394817245671608
1960,1968,Athletics,100m men,1.0101010101010102
1960,1968,Athletics,100m women,0.9090909090909091
1960,1968,Athletics,110m hurdles men,0.7518796992481203
1960,1968,Athletics,1500m men,1.3494648673801768
1960,1968,Athletics,200m men,1.0101010101010102
1960,1968,Athletics,200m women,0.8888888888888888
1960,1968,Athletics,20km walk men,0.028376844494892167
1960,1968,Athletics,3000m steeplechase men,0.11299435028248588
1960,1968,Athletics,400m hurdles men,1.8711018711018712
1960,1968,Athletics,400m men,0.228310502283105
1960,1968,Athletics,400m women,0.19230769230769232
1960,1968,Athletics,4x100m relay men,0.2617801047120419
1960,1968,Athletics,4x100m relay women,1.1682242990654206
1960,1968,Athletics,4x400m relay men,1.9875070982396368
1960,1968,Athletics,5000m men,0.023668639053254437
1960,1968,Athletics,50km walk men,3.864579597274171
1960,1968,Athletics,800m men,0.19175455417066153
1960,1968,Athletics,800m women,1.3234077750206783
1960,1968,Athletics,80m hurdles women,0.9708737864077669
1960,1968,Athletics,decathlon men,0.47122181083810166
1960,1968,Athletics,marathon men,2.19073388398367
1960,1968,Athletics,pentathlon women,6.808510638297872
1960,1968,Canoe Sprint,C1 1000m canoe single men,0.7858332729774686
1960,1968,Canoe Sprint,C2 1000m canoe double men,0.6432559268549087
1960,1968,Canoe Sprint,K1 1000m kayak single men,0.3915426781519185
1960,1968,Canoe Sprint,K1 500m kayak single women,1.2357922038294162
1960,1968,Canoe Sprint,K2 1000m kayak double men,0.41371701755998896
1960,1968,Canoe Sprint,K2 500m kayak double women,1.8550326348333825
1960,1968,Canoe Sprint,K4 1000m kayak four men,0.2212161745035474
1960,1968,Cycling Road,individual road race men,0.5002593981489228
1960,1968,Cycling Road,team time trial men,1.271863826857521
1960,1968,Cycling Track,1km time trial men,1.095290251916758
1960,1968,Swimming,100m backstroke men,2.555366269165247
1960,1968,Swimming,100m backstroke women,0.7552870090634441
1960,1968,Swimming,100m breaststroke men,0.4431314623338257
1960,1968,Swimming,100m breaststroke women,0.13192612137203166
1960,1968,Swimming,100m butterfly men,0.8944543828264758
1960,1968,Swimming,100m butterfly women,0.45801526717557256
1960,1968,Swimming,100m freestyle men,1.1494252873563218
1960,1968,Swimming,100m freestyle women,0.5
1960,1968,Swimming,1500m freestyle men,1.8420262288517368
1960,1968,Swimming,200m backstroke men,0.7716049382716049
1960,1968,Swimming,200m backstroke women,1.7955801104972375
1960,1968,Swimming,200m breaststroke men,0.3362474781439139
1960,1968,Swimming,200m breaststroke women,1.2165450121654502
1960,1968,Swimming,200m butterfly men,0.2331002331002331
1960,1968,Swimming,200m butterfly women,0.0691085003455425
1960,1968,Swimming,200m freestyle men,0.5208333333333333
1960,1968,Swimming,200m freestyle women,0.38314176245210724
1960,1968,Swimming,200m individual medley men,0.7575757575757576
1960,1968,Swimming,200m individual medley women,2.8334485141672427
1960,1968,Swimming,400m freestyle men,1.0843373493975903
1960,1968,Swimming,400m freestyle women,1.3612950699043413
1960,1968,Swimming,400m individual medley men,0.10402219140083217
1960,1968,Swimming,400m individual medley women,4.4408427876823335
1960,1968,Swimming,4x100m freestyle relay men,1.1809163911195086
1960,1968,Swimming,4x100m freestyle relay women,1.3195876288659794
1960,1968,Swimming,4x100m medley relay men,1.1068539804171988
1960,1968,Swimming,4x100m medley relay women,0.6336190831159151
1960,1968,Swimming,4x200m freestyle relay men,0.29642176582680496
1960,1968,Swimming,800m freestyle women,2.074468085106383
1970,1976,Athletics,10000m men,0.28848817740518107
1970,1976,Athletics,100m hurdles women,0.07830853563037926
1970,1976,Athletics,100m men,0.19880715705765692
1970,1976,Athletics,100m women,0.45126353790613716
1970,1976,Athletics,110m hurdles men,0.22556390977444465
1970,1976,Athletics,1500m men,0.045626682483916596
1970,1976,Athletics,1500m women,0.2199771875509058
1970,1976,Athletics,200m men,0.2965892239248612
1970,1976,Athletics,200m women,0.08940545373268532
1970,1976,Athletics,20km walk men,0.6534661260481045
1970,1976,Athletics,3000m steeplechase men,0.22335150198763465
1970,1976,Athletics,400m hurdles men,2.2254881377283153
1970,1976,Athletics,400m men,0.3163126976954309
1970,1976,Athletics,400m women,2.4959415584415607
1970,1976,Athletics,4x100m relay men,0.8609444299504334
1970,1976,Athletics,4x100m relay women,0.09400705052878432
1970,1976,Athletics,4x400m relay men,1.5561153092639213
1970,1976,Athletics,4x400m relay women,1.7969181348190513
1970,1976,Athletics,5000m men,0.04970425965505243
1970,1976,Athletics,800m men,0.34782608695651296
1970,1976,Athletics,800m women,0.41760918740211883
1970,1976,Athletics,decathlon men,6.523890582320581
1970,1976,Athletics,marathon men,0.6516998075689544
1970,1976,Athletics,pentathlon women,1.6890428757037703
1970,1976,Canoe Sprint,C1 1000m canoe single men,1.2264037513526476
1970,1976,Canoe Sprint,C1 500m canoe single men,0.29355028096955466
1970,1976,Canoe Sprint,C2 1000m canoe double men,0.6530331672108728
1970,1976,Canoe Sprint,C2 500m canoe double men,1.8523769019941534
1970,1976,Canoe Sprint,K1 1000m kayak single men,0.28045574057844397
1970,1976,Canoe Sprint,K1 500m kayak single men,0.5074711023400142
1970,1976,Canoe Sprint,K1 500m kayak single women,1.6687319289549811
1970,1976,Canoe Sprint,K2 1000m kayak double men,0.15310272235779498
1970,1976,Canoe Sprint,K2 500m kayak double men,0.9804944195264396
1970,1976,Canoe Sprint,K2 500m kayak double women,0.48582995951417823
1970,1976,Canoe Sprint,K4 1000m kayak four men,0.13779214584768187
1970,1976,Cycling Road,team time trial men,0.258631837579206
1970,1976,Cycling Track,1km time trial men,2.4102416308947756
1970,1976,Swimming,100m backstroke men,1.531807532888809
1970,1976,Swimming,100m backstroke women,2.555393821769379
1970,1976,Swimming,100m breaststroke men,0.5070511804785187
1970,1976,Swimming,100m breaststroke women,2.641933670601455
1970,1976,Swimming,100m butterfly men,0.27598896044158233
1970,1976,Swimming,100m butterfly women,1.4136038583070016
1970,1976,Swimming,100m freestyle men,1.6403280656131318
1970,1976,Swimming,100m freestyle women,1.5094339622641468
1970,1976,Swimming,1500m freestyle men,0.16733156028369198
1970,1976,Swimming,200m backstroke men,1.1410353217551732
1970,1976,Swimming,200m backstroke women,1.1541632316570556
1970,1976,Swimming,200m breaststroke men,1.5912959810524758
1970,1976,Swimming,200m breaststroke women,1.78024127812194
1970,1976,Swimming,200m butterfly men,0.2600016774301884
1970,1976,Swimming,200m butterfly women,0.8294650331025105
1970,1976,Swimming,200m freestyle men,0.1904071085320436
1970,1976,Swimming,200m freestyle women,1.643468052993471
1970,1976,Swimming,400m freestyle men,0.26301039106626606
1970,1976,Swimming,400m freestyle women,0.2281003641602232
1970,1976,Swimming,400m individual medley men,0.35649271844658814
1970,1976,Swimming,400m individual medley women,1.8849241432966786
1970,1976,Swimming,4x100m freestyle relay women,0.30246419357709203
1970,1976,Swimming,4x100m medley relay men,1.6740167401674142
1970,1976,Swimming,4x100m medley relay women,2.661826981246219
1970,1976,Swimming,4x200m freestyle relay men,1.071702540499075
1970,1976,Swimming,800m freestyle women,0.0870170553428472
1980,1980,Athletics,10000m men,0.09622902507968965
1980,1980,Athletics,100m hurdles women,0.5573248407643335
1980,1980,Athletics,100m women,0.09041591320073104
1980,1980,Athletics,110m hurdles men,0.07468259895443936
1980,1980,Athletics,1500m men,0.18315018315018314
1980,1980,Athletics,1500m women,0.5071851225697379
1980,1980,Athletics,200m men,0.09905894006933562
1980,1980,Athletics,200m women,0.7262823422605512
1980,1980,Athletics,20km walk men,1.3936795932608912
1980,1980,Athletics,3000m steeplechase men,0.5717786399836635
1980,1980,Athletics,400m hurdles men,0.32854209445585686
1980,1980,Athletics,400m men,0.538116591928246
1980,1980,Athletics,400m women,1.1865793780687421
1980,1980,Athletics,4x100m relay men,0.18295870360689717
1980,1980,Athletics,4x100m relay women,1.201923076923077
1980,1980,Athletics,4x400m relay men,0.11043622308117064
1980,1980,Athletics,4x400m relay women,0.0999000999000999
1980,1980,Athletics,5000m men,0.0749063670411985
1980,1980,Athletics,50km walk men,0.8791049113629759
1980,1980,Athletics,800m men,0.47438330170777987
1980,1980,Athletics,800m women,1.2334801762114538
1980,1980,Athletics,marathon men,0.2162024672516851
1980,1980,Canoe Sprint,C1 1000m canoe single men,0.45566209683810127
1980,1980,Canoe Sprint,C1 500m canoe single men,0.10584810796507413
1980,1980,Canoe Sprint,C2 1000m canoe double men,1.0015374478365993
1980,1980,Canoe Sprint,C2 500m canoe double men,0.7060644162878377
1980,1980,Canoe Sprint,K1 1000m kayak single men,0.625081960047217
1980,1980,Canoe Sprint,K1 500m kayak single men,0.6671178574881651
1980,1980,Canoe Sprint,K1 500m kayak single women,1.2885723974228591
1980,1980,Canoe Sprint,K2 1000m kayak double men,0.8562306501548121
1980,1980,Canoe Sprint,K2 500m kayak double men,1.3747564407880544
1980,1980,Canoe Sprint,K2 500m kayak double women,2.916827108201767
1980,1980,Canoe Sprint,K4 1000m kayak four men,0.820602807597032
1980,1980,Cycling Road,team time trial men,1.2558811492857476
1980,1980,Cycling Track,1km time trial men,3.0021443888491928
1980,1980,Rowing,double sculls 2x women,0.6929230142151072
1980,1980,Rowing,eight with coxswain 8 women,0.5291293912284554
1980,1980,Rowing,fouroared shell with coxswain 4 women,0.7427108947658932
1980,1980,Rowing,pair without coxswain 2 women,0.21853769775285803
1980,1980,Rowing,quadruple sculls with coxswain women,0.20991193938152308
1980,1980,Swimming,100m backstroke men,0.8137272244825797
1980,1980,Swimming,100m backstroke women,1.9881695695037827
1980,1980,Swimming,100m breaststroke men,0.757814966845606
1980,1980,Swimming,100m breaststroke women,0.2705781828538845
1980,1980,Swimming,100m butterfly men,0.03641660597231096
1980,1980,Swimming,100m butterfly women,0.7944389275074402
1980,1980,Swimming,100m freestyle men,1.0119047619047665
1980,1980,Swimming,100m freestyle women,0.6753057127213078
1980,1980,Swimming,1500m freestyle men,1.7845413962394296
1980,1980,Swimming,200m backstroke men,0.3854670712704048
1980,1980,Swimming,200m backstroke women,1.5026181983759546
1980,1980,Swimming,200m breaststroke men,0.7949944792050021
1980,1980,Swimming,200m breaststroke women,0.04681021800186024
1980,1980,Swimming,200m butterfly men,1.2024048096192461
1980,1980,Swimming,200m butterfly women,0.007666360012259204
1980,1980,Swimming,200m freestyle men,0.865130680265914
1980,1980,Swimming,200m freestyle women,1.1070734386884253
1980,1980,Swimming,400m freestyle men,0.8343781073018971
1980,1980,Swimming,400m freestyle women,0.16079755587715067
1980,1980,Swimming,400m individual medley men,0.2054091064703903
1980,1980,Swimming,400m individual medley women,3.814832241485399
1980,1980,Swimming,4x100m freestyle relay women,2.7928696511158133
1980,1980,Swimming,4x100m medley relay men,0.09747452370402385
1980,1980,Swimming,4x100m medley relay women,2.2580775935460444
1980,1980,Swimming,4x200m freestyle relay men,1.1499436302142052
1980,1980,Swimming,800m freestyle women,0.7172332481823541
1970,1972,Athletics,10000m men,0.07417010884312282
1970,1972,Athletics,100m hurdles women,1.9857029388403495
1970,1972,Athletics,100m men,0.9861932938856016
1970,1972,Athletics,100m women,1.4453477868111964
1970,1972,Athletics,110m hurdles men,0.755287009063444
1970,1972,Athletics,1500m men,0.22188323394812218
1970,1972,Athletics,1500m women,0.6007125693926588
1970,1972,Athletics,200m men,0.950000000000003
1970,1972,Athletics,200m women,0.2232142857142857
1970,1972,Athletics,20km walk men,0.24604028909733971
1970,1972,Athletics,3000m steeplechase men,0.1945834326105985
1970,1972,Athletics,400m hurdles men,1.4429109159347624
1970,1972,Athletics,400m men,0.31347962382444633
1970,1972,Athletics,400m women,0.2545027407987493
1970,1972,Athletics,4x100m relay men,0.8117308195862852
1970,1972,Athletics,4x100m relay women,0.3270263957019335
1970,1972,Athletics,4x400m relay men,0.35033086804203717
1970,1972,Athletics,4x400m relay women,1.084010840108401
1970,1972,Athletics,5000m men,0.11284442350140576
1970,1972,Athletics,50km walk men,0.9342628919811453
1970,1972,Athletics,800m men,0.02833931607785584
1970,1972,Athletics,800m women,0.08435259384226065
1970,1972,Athletics,marathon men,1.6625103906899419
1970,1972,Canoe Slalom,C1 canoe single men,3.815222897669701
1970,1972,Canoe Slalom,C2 canoe double men,0.3926870091412239
1970,1972,Canoe Slalom,K1 kayak single men,0.8191837950551012
1970,1972,Canoe Slalom,K1 kayak single women,9.231824417009591
1970,1972,Canoe Sprint,C1 1000m canoe single men,1.3979272113762242
1970,1972,Canoe Sprint,C2 1000m canoe double men,0.0128976784178926
1970,1972,Canoe Sprint,K1 1000m kayak single men,0.1271595194247168
1970,1972,Canoe Sprint,K1 500m kayak single women,0.6982219696354558
1970,1972,Canoe Sprint,K2 1000m kayak double men,0.3645315532831424
1970,1972,Canoe Sprint,K2 500m kayak double women,0.7048458149779736
1970,1972,Canoe Sprint,K4 1000m kayak four men,0.541181321513246
1970,1972,Cycling Road,team time trial men,0.3770088095661225
1970,1972,Cycling Track,1km time trial men,0.647200481637578
1970,1972,Swimming,100m backstroke men,1.9794980558501318
1970,1972,Swimming,100m backstroke women,0.7297050775311749
1970,1972,Swimming,100m breaststroke men,0.7545426547582349
1970,1972,Swimming,100m breaststroke women,1.9162815982604002
1970,1972,Swimming,100m butterfly men,2.377003869541179
1970,1972,Swimming,100m butterfly women,0.42627091885065443
1970,1972,Swimming,100m freestyle men,0.8395158141350945
1970,1972,Swimming,100m freestyle women,0.7339136371394552
1970,1972,Swimming,1500m freestyle men,0.6193705515547252
1970,1972,Swimming,200m backstroke men,1.0340335450252438
1970,1972,Swimming,200m backstroke women,0.8549464760399356
1970,1972,Swimming,200m breaststroke men,1.4977039915224335
1970,1972,Swimming,200m breaststroke women,0.21025292189722905
1970,1972,Swimming,200m butterfly men,1.7895608947804398
1970,1972,Swimming,200m butterfly women,0.5679722652504274
1970,1972,Swimming,200m freestyle men,0.8423479340308565
1970,1972,Swimming,200m freestyle women,0.6231790223373297
1970,1972,Swimming,200m individual medley men,0.9436187780136823
1970,1972,Swimming,200m individual medley women,0.3634584469141012
1970,1972,Swimming,400m freestyle men,0.6950514005077735
1970,1972,Swimming,400m freestyle women,1.3125386040765903
1970,1972,Swimming,400m individual medley women,0.19803940984255866
1970,1972,Swimming,4x100m freestyle relay men,1.5986822982269162
1970,1972,Swimming,4x100m freestyle relay women,0.15306773247161481
1970,1972,Swimming,4x100m medley relay men,1.735624123422156
1970,1972,Swimming,4x100m medley relay women,1.5953978906999007
1970,1972,Swimming,4x200m freestyle relay men,1.2966782219491741
1970,1972,Swimming,800m freestyle women,0.507794933293349
1990,1998,Alpine Skiing,alpine combined men,0.3137296607465751
1990,1998,Alpine Skiing,alpine combined women,0.11198208286673848
1990,1998,Alpine Skiing,downhill men,0.36327309054581786
1990,1998,Alpine Skiing,giant slalom men,0.5362437701091415
1990,1998,Alpine Skiing,giant slalom women,1.0551614983293276
1990,1998,Alpine Skiing,slalom men,1.216723081145383
1990,1998,Alpine Skiing,slalom women,0.0649350649350674
1990,1998,Alpine Skiing,super-G men,0.6433241932081742
1990,1998,Alpine Skiing,super-G women,0.012817226352205722
1990,1998,Bobsleigh,four-man men,0.37638793049369557
1990,1998,Cross Country Skiing,10km pursuit men,0.486470051687443
1990,1998,Cross Country Skiing,15km mass start women,0.19890601690701143
1990,1998,Cross Country Skiing,30km mass start men,1.6200007097483944
1990,1998,Cross Country Skiing,30km women,0.20725388601036268
1990,1998,Cross Country Skiing,50km men,0.10788204895980395
1990,1998,Cross Country Skiing,5km women,0.45372908592494565
1990,1998,Cross Country Skiing,Relay 4x10km men,0.0033026735142097524
1990,1998,Cross Country Skiing,Relay 4x5km women,0.7393994265881998
1990,1998,Luge,Doubles mixed,0.02175955689629863
1990,1998,Luge,Singles men,0.25348223104679596
1990,1998,Luge,Singles women,0.000981455400212083
1990,1998,Snowboard,giant slalom men,0.016134236850600635
1990,1998,Snowboard,giant slalom women,1.33245958934032
1990,1998,Speed skating,10000m men,1.3114053286057383
1990,1998,Speed skating,1000m men,0.09909399773500077
1990,1998,Speed skating,1000m women,0.36596523330283026
1990,1998,Speed skating,1500m men,0.24103087049225075
1990,1998,Speed skating,1500m women,0.9185235584283004
1990,1998,Speed skating,3000m women,0.47717255044683277
1990,1998,Speed skating,5000m men,1.5803244374672971
1990,1998,Speed skating,5000m women,0.009532661280704373
1990,1998,Speed skating,500m men,0.6867554309740683
1990,1998,Speed skating,500m women,0.4308093994778009
1950,1952,Alpine Skiing,downhill men,0.7957559681697612
1950,1952,Alpine Skiing,downhill women,0.8403361344537815
1950,1952,Alpine Skiing,giant slalom men,1.3103448275862069
1950,1952,Alpine Skiing,giant slalom women,1.7350157728706623
1950,1952,Alpine Skiing,slalom men,1.0
1950,1952,Alpine Skiing,slalom women,0.6125574272588056
1950,1952,Bobsleigh,four-man men,0.8575883575883606
1950,1952,Bobsleigh,two-man men,0.7241018056325876
1950,1952,Cross Country Skiing,10km women,2.36
1950,1952,Cross Country Skiing,18km men,0.9474824038982134
1950,1952,Cross Country Skiing,50km men,2.1696714274564894
1950,1952,Cross Country Skiing,Relay 4x10km men,2.1031368821292773
1950,1952,Speed skating,10000m men,2.465698946112547
1950,1952,Speed skating,1500m men,0.14245014245014245
1950,1952,Speed skating,5000m men,2.242152466367713
1950,1952,Speed skating,500m men,1.6203703703703702
1900,1900,Athletics,marathon men,2.5220213259156234
1900,1900,Cycling Track,25 kilometres men,9.972659809920584
1900,1900,Equestrian Jumping,long jump individual mixed,1.1764705882352942
1900,1900,Rowing,eight with coxswain 8 men,1.631321370309951
1900,1900,Rowing,four-oared shell with coxswain men - Final 1,1.6241299303944314
1900,1900,Rowing,four-oared shell with coxswain men - Final 2,1.1142061281337048
1900,1900,Rowing,pair-oared shell with coxswain men,0.044033465433729636
1900,1900,Rowing,single sculls 1x men,1.3169446883230904
1900,1900,Sailing,0.5-1t mixed,4.592769169646404
1900,1900,Sailing,"0.5t mixed, race one",3.9738430583501003
1900,1900,Sailing,"0.5t mixed, race two",4.914047577704463
1900,1900,Sailing,1-2 Ton Race One Open,1.438760452533202
1900,1900,Sailing,1-2t mixed,13.689585350823135
1900,1900,Sailing,2-3 Ton Race Two Open,2.478322764332859
1900,1900,Sailing,2-3t mixed,1.8545454545454545
1900,1900,Sailing,20t + mixed,0.10108157282927323
1900,1900,Sailing,3-10 Ton Race One Open,0.81469411938972
1900,1900,Sailing,3-10t mixed,8.14485553667146
1900,1900,Sailing,open class mixed,0.5613509847031857
1900,1900,Sailing,½-1 Ton Race Two Open,1.6415868673050615
1900,1900,Swimming,1000m freestyle men,8.949036820287734
1900,1900,Swimming,200m backstroke men,5.389221556886228
1900,1900,Swimming,200m freestyle men,4.2699724517906334
1900,1900,Swimming,200m obstacle event men,1.0101010101010102
1900,1900,Swimming,4000m freestyle men,18.019406392694066
1920,1924,Athletics,10000m men,1.7551557700745943
1920,1924,Athletics,10000m walk men,1.7044266294876265
1920,1924,Athletics,100m men,0.9433962264150944
1920,1924,Athletics,1500m men,0.5993150684931506
1920,1924,Athletics,200m men,0.4629629629629629
1920,1924,Athletics,3000m steeplechase men,1.813110181311018
1920,1924,Athletics,400m hurdles men,2.2813688212927756
1920,1924,Athletics,400m men,1.680672268907563
1920,1924,Athletics,4x100m relay men,0.4878048780487805
1920,1924,Athletics,4x400m relay men,0.5102040816326531
1920,1924,Athletics,5000m men,0.02295684113865932
1920,1924,Athletics,800m men,0.1779359430604982
1920,1924,Athletics,cross country individual men,4.2839781243670245
1920,1924,Athletics,decathlon men,16.551724137931036
1920,1924,Athletics,marathon men,3.68702621196786
1920,1924,Athletics,pentathlon men,0.4528039010797631
1920,1924,Cycling Road,individual road race men,2.534138655462185
1920,1924,Cycling Road,team time trial men,1.4262112968923577
1920,1924,Gymnastics Artistic,rope climbing men,2.7777777777777777
1920,1924,Rowing,double sculls 2x men,1.015228426395939
1920,1924,Rowing,eight with coxswain 8 men,3.9654295882053887
1920,1924,Rowing,four without coxswain 4 men,1.026598226784881
1920,1924,Rowing,four-oared shell with coxswain men,0.01926782273603083
1920,1924,Rowing,pair without coxswain 2 men,0.4405286343612335
1920,1924,Rowing,pair-oared shell with coxswain men,0.7299270072992701
1920,1924,Rowing,single sculls 1x men,1.0230179028132993
1920,1924,Swimming,100m backstroke men,3.0054644808743167
1920,1924,Swimming,100m backstroke women,5.048076923076923
1920,1924,Swimming,100m freestyle men,4.067796610169491
1920,1924,Swimming,100m freestyle women,0.5524861878453038
1920,1924,Swimming,1500m freestyle men,2.8841372451516656
1920,1924,Swimming,200m breaststroke men,1.4722536806342015
1920,1924,Swimming,200m breaststroke women,0.37523452157598497
1920,1924,Swimming,400m freestyle men,0.46022353714661407
1920,1924,Swimming,400m freestyle women,0.44174489232468256
1920,1924,Swimming,4x100m freestyle relay women,6.091030789825971
1920,1924,Swimming,4x200m freestyle relay men,1.482979440512302
2010,2018,Alpine Skiing,Ladies’ Alpine Combined,0.6884315117104362
2010,2018,Alpine Skiing,Ladies’ Downhill,0.0907075186454321
2010,2018,Alpine Skiing,Ladies’ Giant Slalom,0.27853163833737066
2010,2018,Alpine Skiing,Ladies’ Slalom,0.050694514853492856
2010,2018,Alpine Skiing,Ladies’ Super-G,0.012328936012824898
2010,2018,Alpine Skiing,Men’s Alpine Combined,0.1817894404046755
2010,2018,Alpine Skiing,Men’s Downhill,0.11970074812968036
2010,2018,Alpine Skiing,Men’s Giant Slalom,0.9200231816864545
2010,2018,Alpine Skiing,Men’s Slalom,0.3434690372764903
2010,2018,Alpine Skiing,Men’s Super-G,0.15395547134060494
2010,2018,Bobsleigh,Four-man,0.2706152667858031
2010,2018,Bobsleigh,Women’s Bobsleigh,0.034576438626823684
2010,2018,Cross Country Skiing,Ladies’ 10km Free,1.352882372542486
2010,2018,Cross Country Skiing,Ladies’ 30km Mass Start Classic,2.2176766040181466
2010,2018,Cross Country Skiing,Ladies’ 4x5km Relay,0.06484453522679376
2010,2018,Cross Country Skiing,Ladies’ 7.5km+7.5km Skiathlon,0.3190314532291709
2010,2018,Cross Country Skiing,Ladies’ Sprint Classic,1.6481723237597885
2010,2018,Cross Country Skiing,Ladies’ Team Sprint Free,0.019864710863902017
2010,2018,Cross Country Skiing,Men’s 15km Free,0.9041948712881072
2010,2018,Cross Country Skiing,Men’s 15km+15km Skiathlon,0.17467248908296942
2010,2018,Cross Country Skiing,Men’s 4x10km Relay,0.16831098139626494
2010,2018,Cross Country Skiing,Men’s 50km Mass Start Classic,0.24279092714973838
2010,2018,Cross Country Skiing,Men’s Sprint Classic,0.7213997308210008
2010,2018,Cross Country Skiing,Men’s Team Sprint Free,0.1788216593813436
2010,2018,Luge,Doubles,0.09596824323587418
2010,2018,Luge,Men’s Singles,0.01363383708613391
2010,2018,Luge,Women’s Singles,0.1981299127580587
2010,2018,Skeleton,Men,0.8127648965345278
2010,2018,Skeleton,Women,0.2170976456966422
2010,2018,Speed skating,Ladies’ 1000m,0.35345296356715916
2010,2018,Speed skating,Ladies’ 1500m,0.17490161783996502
2010,2018,Speed skating,Ladies’ 3000m,0.03344341791731876
2010,2018,Speed skating,Ladies’ 5000m,0.39490042171464346
2010,2018,Speed skating,Ladies’ 500m,1.0557661072008755
2010,2018,Speed skating,Men’s 10000m,0.2908775024020475
2010,2018,Speed skating,Men’s 1000m,0.0588668138336979
2010,2018,Speed skating,Men’s 1500m,0.8172291125853284
2010,2018,Speed skating,Men’s 5000m,0.5019472090004312
2010,2018,Speed skating,Men’s 500m,0.029061319383890116
2010,2016,Athletics,10000m men,0.02892005144076563
2010,2016,Athletics,10000m women,0.8580613957722796
2010,2016,Athletics,100m hurdles women,0.8814102564102634
2010,2016,Athletics,100m men,0.8154943934760566
2010,2016,Athletics,100m women,1.1204481792717114
2010,2016,Athletics,110m hurdles men,0.9195402298850488
2010,2016,Athletics,1500m men,0.047826086956517785
2010,2016,Athletics,1500m women,0.5423429214205367
2010,2016,Athletics,200m men,1.2133468149645992
2010,2016,Athletics,200m women,0.4591368227731864
2010,2016,Athletics,20km race walk women,0.03762935089369708
2010,2016,Athletics,20km walk men,0.2524190155658393
2010,2016,Athletics,3000m steeplechase men,0.20691938420791262
2010,2016,Athletics,3000m steeplechase women,1.3654469661880466
2010,2016,Athletics,400m hurdles men,0.10475591870940706
2010,2016,Athletics,400m hurdles women,0.7905138339921035
2010,2016,Athletics,400m men,1.6964908203578926
2010,2016,Athletics,400m women,0.14158576051780855
2010,2016,Athletics,4x100m relay men,0.8854306412664372
2010,2016,Athletics,4x100m relay women,0.853450377956596
2010,2016,Athletics,4x400m relay men,0.4850535815002769
2010,2016,Athletics,4x400m relay women,0.6430222043605035
2010,2016,Athletics,5000m men,0.07659900421294523
2010,2016,Athletics,5000m women,0.41562279921955275
2010,2016,Athletics,50km walk men,0.13576708402473978
2010,2016,Athletics,800m men,0.450318159569252
2010,2016,Athletics,800m women,1.0496183206106988
2010,2016,Athletics,marathon men,0.9062661833247023
2010,2016,Athletics,marathon women,0.10411846367422489
2010,2016,Canoe Slalom,C-1 (canoe single) men,0.9026229160029733
2010,2016,Canoe Slalom,C-2 (canoe double) men,0.4233116755266756
2010,2016,Canoe Slalom,K-1 (kayak single) men,0.19202530215746588
2010,2016,Cycling BMX,Individual men,1.9456151492408085
2010,2016,Cycling BMX,Individual women,1.0031384741735887
2010,2016,Cycling Road,individual time trial men,1.093550336530269
2010,2016,Cycling Road,individual time trial women,0.20814425334343425
2010,2016,Swimming,100m backstroke men,0.6542235905329954
2010,2016,Swimming,100m backstroke women,0.5132591958939264
2010,2016,Swimming,100m breaststroke men,2.7306143882373575
2010,2016,Swimming,100m breaststroke women,0.8778684737409589
2010,2016,Swimming,100m butterfly men,1.488390553681286
2010,2016,Swimming,100m butterfly women,1.7664023071377197
2010,2016,Swimming,100m freestyle men,0.46237915090373866
2010,2016,Swimming,1500m freestyle men,0.5614187543592685
2010,2016,Swimming,200m backstroke men,0.2992430910050927
2010,2016,Swimming,200m backstroke women,0.04762282720850139
2010,2016,Swimming,200m breaststroke men,0.05491919033422607
2010,2016,Swimming,200m breaststroke women,1.190306486101215
2010,2016,Swimming,200m butterfly men,0.03528581510233689
2010,2016,Swimming,200m butterfly women,0.02402883460151818
2010,2016,Swimming,200m freestyle men,0.5255613951266125
2010,2016,Swimming,200m freestyle women,0.3077464169524312
2010,2016,Swimming,200m individual medley men,1.7006802721088436
2010,2016,Swimming,200m individual medley women,0.2370042660767894
2010,2016,Swimming,400m freestyle men,0.058677499435801486
2010,2016,Swimming,400m freestyle women,2.0172545039330236
2010,2016,Swimming,400m individual medley men,0.2844950213371266
2010,2016,Swimming,400m individual medley women,1.7983180657756455
2010,2016,Swimming,4x100m freestyle men,0.3211878685762378
2010,2016,Swimming,4x100m freestyle relay women,0.5886541656776687
2010,2016,Swimming,4x100m medley relay men,0.6203414282279438
2010,2016,Swimming,4x100m medley relay women,0.8021275683095189
2010,2016,Swimming,4x200m freestyle relay men,0.5871725383920462
2010,2016,Swimming,4x200m freestyle relay women,0.397382459019926
2010,2016,Swimming,50m freestyle men,0.04672897196261417
2010,2016,Swimming,50m freestyle women,0.08309098462817494
2010,2016,Swimming,800m freestyle women,2.3474081561088345
2010,2016,Triathlon,Individual men,0.09522298047928901
2010,2016,Triathlon,Individual women,0.573394495412844
1960,1960,Athletics,10000m men,0.28034108164934
1960,1960,Athletics,1500m men,1.2987012987012987
1960,1960,Athletics,200m men,0.4878048780487805
1960,1960,Athletics,200m women,1.6666666666666667
1960,1960,Athletics,20km walk men,0.16291259385182036
1960,1960,Athletics,3000m steeplechase men,0.4278490859587709
1960,1960,Athletics,400m hurdles men,0.6085192697768762
1960,1960,Athletics,4x100m relay men,1.5189873417721518
1960,1960,Athletics,4x100m relay women,0.6741573033707865
1960,1960,Athletics,4x400m relay men,0.27442371020856204
1960,1960,Athletics,5000m men,0.14573718727228566
1960,1960,Athletics,50km walk men,0.10671688637790332
1960,1960,Athletics,800m men,0.18814675446848542
1960,1960,Athletics,800m women,0.08045052292839903
1960,1960,Athletics,80m hurdles women,0.9259259259259258
1960,1960,Athletics,marathon men,0.31295433823710606
1960,1960,Canoe Sprint,C1 1000m canoe single men,0.17522724783702867
1960,1960,Canoe Sprint,C2 1000m canoe double men,1.4511360099595287
1960,1960,Canoe Sprint,K-1 4x500m men,0.9990640576366286
1960,1960,Canoe Sprint,K1 1000m kayak single men,0.43776824034333983
1960,1960,Canoe Sprint,K1 500m kayak single women,0.10930668332293028
1960,1960,Canoe Sprint,K2 1000m kayak double men,0.08382620034460611
1960,1960,Canoe Sprint,K2 500m kayak double women,1.6556291390728477
1960,1960,Cycling Road,team time trial men,1.7684953174138238
1960,1960,Cycling Track,1km time trial men,2.2000891928051067
1960,1960,Rowing,double sculls 2x men,0.7337423312883345
1960,1960,Rowing,eight with coxswain 8 men,1.2150736323422262
1960,1960,Rowing,four without coxswain 4 men,0.6524102935846392
1960,1960,Rowing,four-oared shell with coxswain men,0.6263780316696733
1960,1960,Rowing,pair without coxswain 2 men,0.3980948318760046
1960,1960,Rowing,pair-oared shell with coxswain men,0.22932715856971508
1960,1960,Rowing,single sculls 1x men,1.440224905521246
1960,1960,Swimming,100m backstroke men,0.32310177705977383
1960,1960,Swimming,100m backstroke women,2.1645021645021645
1960,1960,Swimming,100m butterfly women,1.2949640287769784
1960,1960,Swimming,100m freestyle women,2.6143790849673203
1960,1960,Swimming,1500m freestyle men,0.20200076952674104
1960,1960,Swimming,200m breaststroke men,0.3811944091486658
1960,1960,Swimming,200m breaststroke women,0.2949852507374631
1960,1960,Swimming,200m butterfly men,1.355421686746988
1960,1960,Swimming,400m freestyle men,1.2001548586914441
1960,1960,Swimming,400m freestyle women,1.1355815554026154
1960,1960,Swimming,4x100m freestyle relay women,0.9642426677380473
1960,1960,Swimming,4x100m medley relay men,2.689486552567237
1960,1960,Swimming,4x100m medley relay women,1.7075773745997866
1960,1960,Swimming,4x200m freestyle relay men,0.6119951040391677
2000,2002,Alpine Skiing,alpine combined men,0.14172909495850283
2000,2002,Alpine Skiing,alpine combined women,0.9125428711416028
2000,2002,Alpine Skiing,downhill men,0.22193079794210085
2000,2002,Alpine Skiing,downhill women,0.4519887505022097
2000,2002,Alpine Skiing,giant slalom men,0.614182021217194
2000,2002,Alpine Skiing,giant slalom women,0.8799413372441868
2000,2002,Alpine Skiing,slalom men,0.7520284979220287
2000,2002,Alpine Skiing,slalom women,0.06597549481621541
2000,2002,Alpine Skiing,super-G men,0.12257906349595489
2000,2002,Alpine Skiing,super-G women,0.06794401413235494
2000,2002,Bobsleigh,four-man men,0.15999146712175352
2000,2002,Bobsleigh,two-man men,0.04734101309768508
2000,2002,Bobsleigh,two-woman women,0.306873977086743
2000,2002,Cross Country Skiing,10km women,0.25510204081632654
2000,2002,Cross Country Skiing,15km mass start women,0.28817240227196794
2000,2002,Cross Country Skiing,15km men,1.6162341743737092
2000,2002,Cross Country Skiing,30km mass start men,0.030295968305756232
2000,2002,Cross Country Skiing,30km women,0.08246138058675853
2000,2002,Cross Country Skiing,50km men,0.3126319121992402
2000,2002,Cross Country Skiing,5km pursuit women,0.013666803334700012
2000,2002,Cross Country Skiing,Relay 4x10km men,0.005390351271224508
2000,2002,Cross Country Skiing,Relay 4x5km women,0.043762202921968626
2000,2002,Luge,Doubles mixed,0.15566552821727167
2000,2002,Luge,Singles men,0.18489274534817515
2000,2002,Luge,Singles women,0.1861258001669803
2000,2002,Skeleton,Individual men,0.04903883876029815
2000,2002,Skeleton,Individual women,0.09513842641042718
2000,2002,Speed skating,10000m men,1.4263338982180502
2000,2002,Speed skating,1000m men,0.5209883894016076
2000,2002,Speed skating,1000m women,0.1760801842069712
2000,2002,Speed skating,1500m men,0.5964405964406008
2000,2002,Speed skating,1500m women,0.8331871601473426
2000,2002,Speed skating,3000m women,0.5216659655027384
2000,2002,Speed skating,5000m men,0.8861367639993668
2000,2002,Speed skating,5000m women,0.5676931016686714
2000,2002,Speed skating,500m men,0.043333814820174524
2000,2002,Speed skating,500m women,0.25418060200668596
1970,1972,Alpine Skiing,downhill men,0.5743516108767918
1970,1972,Alpine Skiing,downhill women,0.33098882912702166
1970,1972,Alpine Skiing,giant slalom men,0.5959286995042693
1970,1972,Alpine Skiing,giant slalom women,0.9454949944382648
1970,1972,Alpine Skiing,slalom men,0.9243159147066814
1970,1972,Alpine Skiing,slalom women,0.02192021043402515
1970,1972,Bobsleigh,four-man men,0.2684848270745881
1970,1972,Bobsleigh,two-man men,0.5958191671996591
1970,1972,Cross Country Skiing,10km women,1.7635167312981592
1970,1972,Cross Country Skiing,15km men,1.1949095387502564
1970,1972,Cross Country Skiing,30km mass start men,0.9350474430812532
1970,1972,Cross Country Skiing,50km men,0.15008040021440058
1970,1972,Cross Country Skiing,5km women,0.4899559039686428
1970,1972,Cross Country Skiing,Relay 3x5km women,2.1828979852562913
1970,1972,Cross Country Skiing,Relay 4x10km men,0.12179584772315437
1970,1972,Luge,Singles men,0.39021100298679584
1970,1972,Luge,Singles women,0.173010380622845
1970,1972,Speed skating,10000m men,0.3716647251345204
1970,1972,Speed skating,1000m women,0.22975929978118412
1970,1972,Speed skating,1500m men,1.0572543916720885
1970,1972,Speed skating,1500m women,0.1419950301739439
1970,1972,Speed skating,3000m women,2.2352296843978823
1970,1972,Speed skating,5000m men,1.0301841707806365
1970,1972,Speed skating,500m men,0.6338742393509128
1970,1972,Speed skating,500m women,1.5693514885760471
1980,1984,Alpine Skiing,downhill men,0.25570603276823733
1980,1984,Alpine Skiing,downhill women,0.06815703380588876
1980,1984,Alpine Skiing,giant slalom men,0.14269760516192795
1980,1984,Alpine Skiing,giant slalom women,0.2837281883955171
1980,1984,Alpine Skiing,slalom men,0.2112463534855671
1980,1984,Alpine Skiing,slalom women,0.9432984347465438
1980,1984,Bobsleigh,four-man men,0.27969233842772495
1980,1984,Bobsleigh,two-man men,0.23350846468185357
1980,1984,Cross Country Skiing,10km women,0.982039701712005
1980,1984,Cross Country Skiing,15km men,0.3741551335693595
1980,1984,Cross Country Skiing,20km women,1.125506072874494
1980,1984,Cross Country Skiing,30km mass start men,0.5059685549912861
1980,1984,Cross Country Skiing,50km men,0.060079943107972246
1980,1984,Cross Country Skiing,5km women,0.986328125
1980,1984,Cross Country Skiing,Relay 4x10km men,0.14769123843447288
1980,1984,Cross Country Skiing,Relay 4x5km women,1.1222784746988552
1980,1984,Luge,Doubles mixed,0.047835446065531834
1980,1984,Luge,Singles men,0.3820729629106993
1980,1984,Luge,Singles women,0.1819055051930103
1980,1984,Speed skating,10000m men,0.005682463916354131
1980,1984,Speed skating,1000m men,1.0949868073878568
1980,1984,Speed skating,1000m women,1.4949148388677775
1980,1984,Speed skating,1500m men,0.3970936127069995
1980,1984,Speed skating,1500m women,1.515151515151519
1980,1984,Speed skating,3000m women,0.5815929604592353
1980,1984,Speed skating,5000m men,0.004626630887383596
1980,1984,Speed skating,500m men,0.28803351662739535
1980,1984,Speed skating,500m women,0.6338371526084893
1980,1988,Athletics,10000m men,0.1273256734858081
1980,1988,Athletics,10000m women,0.17317084939498992
1980,1988,Athletics,100m hurdles women,1.8578352180936972
1980,1988,Athletics,100m men,0.5040322580645161
1980,1988,Athletics,110m hurdles men,2.311248073959938
1980,1988,Athletics,1500m men,0.08797925541767415
1980,1988,Athletics,1500m women,2.6842195247050857
1980,1988,Athletics,200m men,0.20253164556962314
1980,1988,Athletics,200m women,1.7806935332708447
1980,1988,Athletics,20km walk men,0.06253908692933083
1980,1988,Athletics,3000m steeplechase men,0.2636402957714418
1980,1988,Athletics,3000m women,0.12240143722977549
1980,1988,Athletics,400m hurdles men,0.08476372112736473
1980,1988,Athletics,400m hurdles women,0.01880759826968385
1980,1988,Athletics,400m men,0.13676772281742028
1980,1988,Athletics,400m women,1.644398766700925
1980,1988,Athletics,4x100m relay men,0.23566378633150933
1980,1988,Athletics,4x100m relay women,0.2620295378751705
1980,1988,Athletics,4x400m relay men,2.3501362397820214
1980,1988,Athletics,4x400m relay women,0.16907470027666538
1980,1988,Athletics,5000m men,0.48250599974737673
1980,1988,Athletics,50km walk men,0.20596536730490503
1980,1988,Athletics,800m men,0.43499275012083133
1980,1988,Athletics,800m women,0.46511627906977526
1980,1988,Athletics,marathon men,0.19152196118488254
1980,1988,Athletics,marathon women,0.14874141876430205
1980,1988,Canoe Sprint,C1 1000m canoe single men,1.2065827992720943
1980,1988,Canoe Sprint,C1 500m canoe single men,0.7215255110805586
1980,1988,Canoe Sprint,C2 1000m canoe double men,1.3487475915221658
1980,1988,Canoe Sprint,C2 500m canoe double men,1.8079984278274408
1980,1988,Canoe Sprint,K1 1000m kayak single men,0.004250435669671603
1980,1988,Canoe Sprint,K1 500m kayak single men,1.4882655981682797
1980,1988,Canoe Sprint,K1 500m kayak single women,0.10417570969700651
1980,1988,Canoe Sprint,K2 1000m kayak double men,0.13652198474720323
1980,1988,Canoe Sprint,K2 500m kayak double men,0.18088955096829598
1980,1988,Canoe Sprint,K2 500m kayak double women,0.5799342741156003
1980,1988,Canoe Sprint,K4 1000m kayak four men,0.6659267480577136
1980,1988,Canoe Sprint,K4 500m kayak four women,1.091486406032943
1980,1988,Cycling Road,team time trial men,0.09196768397074014
1980,1988,Cycling Track,1km time trial men,0.44186731577234106
1980,1988,Rowing,eight with coxswain 8 women,0.6050590399019184
1980,1988,Swimming,100m backstroke men,0.2361489554949963
1980,1988,Swimming,100m backstroke women,1.1003448842174488
1980,1988,Swimming,100m breaststroke men,0.0161186331399134
1980,1988,Swimming,100m breaststroke women,1.1626195732155964
1980,1988,Swimming,100m butterfly men,0.018867924528306178
1980,1988,Swimming,100m butterfly women,0.7627118644067797
1980,1988,Swimming,100m freestyle men,0.9253547193090685
1980,1988,Swimming,100m freestyle women,0.983069361004932
1980,1988,Swimming,1500m freestyle men,0.25433140826299017
1980,1988,Swimming,200m backstroke men,0.19267822736030446
1980,1988,Swimming,200m backstroke women,1.020960631139285
1980,1988,Swimming,200m breaststroke men,0.4493708807669263
1980,1988,Swimming,200m breaststroke women,0.5316611001295196
1980,1988,Swimming,200m butterfly men,1.1116812040362578
1980,1988,Swimming,200m butterfly women,0.308856458960698
1980,1988,Swimming,200m freestyle men,0.5967365967366053
1980,1988,Swimming,200m freestyle women,0.8669783255418654
1980,1988,Swimming,200m individual medley men,1.1983024049263429
1980,1988,Swimming,200m individual medley women,0.5430273776302752
1980,1988,Swimming,400m freestyle men,0.08812513769552764
1980,1988,Swimming,400m freestyle women,0.8570842731187243
1980,1988,Swimming,400m individual medley men,1.0245338567222733
1980,1988,Swimming,400m individual medley women,0.6120391705069125
1980,1988,Swimming,4x100m freestyle relay men,0.9158907037093574
1980,1988,Swimming,4x100m freestyle relay women,1.2509631509767443
1980,1988,Swimming,4x100m medley relay men,1.0832987599686534
1980,1988,Swimming,4x100m medley relay women,1.706736686633294
1980,1988,Swimming,4x200m freestyle relay men,0.2705139765554511
1980,1988,Swimming,50m freestyle men,0.9936766034326958
1980,1988,Swimming,50m freestyle women,0.5884660651235667
1980,1988,Swimming,800m freestyle women,0.3778488604558104
2010,2014,Alpine Skiing,alpine combined men,0.20581113801453338
2010,2014,Alpine Skiing,alpine combined women,0.2586987453110852
2010,2014,Alpine Skiing,downhill men,0.047532282341767915
2010,2014,Alpine Skiing,giant slalom men,0.2903986932058778
2010,2014,Alpine Skiing,giant slalom women,0.04462293618920415
2010,2014,Alpine Skiing,slalom men,0.2749410840534238
2010,2014,Alpine Skiing,slalom women,0.5069829730246752
2010,2014,Alpine Skiing,super-G men,0.3839262861530586
2010,2014,Alpine Skiing,super-G women,0.6431244153414405
2010,2014,Bobsleigh,four-man men,0.13593728759798812
2010,2014,Bobsleigh,two-man men,0.09732360097322795
2010,2014,Bobsleigh,two-woman women,0.043363253978578556
2010,2014,Cross Country Skiing,10km women,1.0837554482271174
2010,2014,Cross Country Skiing,15km men,1.2339264839589557
2010,2014,Cross Country Skiing,30km women,0.060958454468723625
2010,2014,Cross Country Skiing,50km men,0.01091158498565906
2010,2014,Cross Country Skiing,Relay 4x10km men,0.5129650507328072
2010,2014,Cross Country Skiing,Relay 4x5km women,0.015709931818895906
2010,2014,Cross Country Skiing,Skiathlon 15km  15km men,0.00976705572105289
2010,2014,Cross Country Skiing,Skiathlon 7.5+7.5km women,0.07780082987551867
2010,2014,Cross Country Skiing,Sprint 15km men,0.5586336370712861
2010,2014,Cross Country Skiing,Team sprint men,0.06953953358329852
2010,2014,Cross Country Skiing,Team sprint women,0.9428971526373074
2010,2014,Cross Country Skiing,sprint 15km women,0.24438870666923623
2010,2014,Luge,Doubles mixed,0.5276298100734753
2010,2014,Luge,Singles men,0.22936885016816028
2010,2014,Luge,Singles women,0.5701613872091562
2010,2014,Skeleton,Individual men,0.36113959605866996
2010,2014,Skeleton,Individual women,0.4165056464425187
2010,2014,Speed skating,10000m men,0.5978154228530292
2010,2014,Speed skating,1000m men,0.05848808305307462
2010,2014,Speed skating,1000m women,0.9051607673601636
2010,2014,Speed skating,1500m women,0.5109681966346739
2010,2014,Speed skating,2x500m men,0.017313019390582374
2010,2014,Speed skating,2x500m women,0.4819277108433766
2010,2014,Speed skating,3000m women,0.6698843305317429
2010,2014,Speed skating,5000m men,1.3350954795555077
2010,2014,Speed skating,5000m women,0.6657919035816822
1960,1960,Alpine Skiing,downhill men,0.3968253968253968
1960,1960,Alpine Skiing,downhill women,1.0245901639344261
1960,1960,Alpine Skiing,giant slalom men,0.3693444136657433
1960,1960,Alpine Skiing,giant slalom women,0.10010010010010009
1960,1960,Alpine Skiing,slalom men,1.0861132660977502
1960,1960,Alpine Skiing,slalom women,3.010948905109489
1960,1960,Cross Country Skiing,10km women,0.737450766781195
1960,1960,Cross Country Skiing,15km men,0.09950248756218905
1960,1960,Cross Country Skiing,30km mass start men,0.1950809585978181
1960,1960,Cross Country Skiing,50km men,0.18983277965439269
1960,1960,Cross Country Skiing,Relay 3x5km women,1.0669705288237428
1960,1960,Cross Country Skiing,Relay 4x10km men,0.009608917075045643
1960,1960,Speed skating,10000m men,0.2746672300866258
1960,1960,Speed skating,1000m women,0.21253985122210414
1960,1960,Speed skating,1500m women,0.34435261707988984
1960,1960,Speed skating,3000m women,0.8272351256761056
1960,1960,Speed skating,5000m men,2.0157012518565667
1960,1960,Speed skating,500m men,0.24875621890547264
1960,1960,Speed skating,500m women,0.2178649237472767
1900,1904,Athletics,100m men,1.8181818181818181
1900,1904,Athletics,110m hurdles men,1.875
1900,1904,Athletics,1500m men,0.5704971475142625
1900,1904,Athletics,200m hurdles men,1.2195121951219512
1900,1904,Athletics,200m men,1.3888888888888888
1900,1904,Athletics,400m hurdles men,0.37735849056603776
1900,1904,Athletics,400m men,1.4227642276422763
1900,1904,Athletics,60m men,2.857142857142857
1900,1904,Athletics,800m men,0.25862068965517243
1900,1904,Athletics,marathon men,2.864437883986276
1900,1904,Gymnastics Artistic,rope climbing men,2.857142857142857
1900,1904,Swimming,1500m freestyle men,4.272982541814186
1900,1904,Swimming,220 yard Freestyle Men,1.0962241169305724
1900,1904,Swimming,400m freestyle men,1.541733120680489
1900,1904,Swimming,50y freestyle 4572m men,2.142857142857143
1900,1904,Swimming,880y freestyle 80466m men,1.5163002274450341
1920,1928,Bobsleigh,fiveman men,0.24937655860349126
1920,1928,Cross Country Skiing,18km men,2.0615014602302013
1920,1928,Cross Country Skiing,50km men,4.60537579181647
1920,1928,Skeleton,Individual men,0.5500550055005501
1920,1928,Speed skating,1500m men,0.5669737774627923
1920,1928,Speed skating,5000m men,1.6211121583411876
1940,1948,Alpine Skiing,downhill men,2.3428571428571425
1940,1948,Alpine Skiing,downhill women,0.5394470667565745
1940,1948,Alpine Skiing,slalom men,0.38372985418265537
1940,1948,Alpine Skiing,slalom women,0.42662116040955633
1940,1948,Bobsleigh,fourman men,0.37488284910965325
1940,1948,Bobsleigh,twoman men,0.3645200486026731
1940,1948,Cross Country Skiing,18km men,0.7223476297968396
1940,1948,Cross Country Skiing,50km men,1.9900497512437811
1940,1948,Cross Country Skiing,Relay 4x10km men,5.893952673093778
1940,1948,Skeleton,Individual men,0.4331683168316832
1940,1948,Speed skating,10000m men,0.9270763643314537
1940,1948,Speed skating,1500m men,0.3633720930232558
1940,1948,Speed skating,5000m men,0.6478209658421673
1940,1948,Speed skating,500m men,0.23201856148491878
1910,1912,Athletics,10000m men,2.435133985538069
1910,1912,Athletics,10000m walk men,0.7889829292784393
1910,1912,Athletics,110m hurdles men,0.6622516556291391
1910,1912,Athletics,1500m men,0.04222972972972973
1910,1912,Athletics,200m men,0.4608294930875576
1910,1912,Athletics,400m men,0.2074688796680498
1910,1912,Athletics,4x100m relay men,0.4716981132075472
1910,1912,Athletics,4x400m relay men,2.0854526958290944
1910,1912,Athletics,5000m men,0.011407711613050422
1910,1912,Athletics,800m men,0.08936550491510277
1910,1912,Athletics,cross country individual men,1.2243693760141614
1910,1912,Athletics,decathlon men,11.460192788289897
1910,1912,Athletics,marathon men,0.6075540638144199
1910,1912,Athletics,pentathlon men,2.1769662921348316
1910,1912,Cycling Road,individual time trial men,1.3620685183744392
1910,1912,Rowing,quadruple sculls with coxswain 4x men,2.6474386569091695
1910,1912,Rowing,single sculls 1x men,1.8617590413010914
1910,1912,Swimming,100m backstroke men,1.477832512315271
1910,1912,Swimming,100m freestyle men,1.8927444794952681
1910,1912,Swimming,100m freestyle women,3.8929440389294405
1910,1912,Swimming,1500m freestyle men,2.9545454545454546
1910,1912,Swimming,200m breaststroke men,1.76017601760176
1910,1912,Swimming,400m breaststroke men,1.5400410677618068
1910,1912,Swimming,400m freestyle men,0.43156596794081376
1910,1912,Swimming,4x100m freestyle relay women,3.3446712018140587
2000,2000,Athletics,10000m men,0.005493834696616019
2000,2000,Athletics,10000m women,0.2745544679750525
2000,2000,Athletics,100m hurdles women,0.23715415019762623
2000,2000,Athletics,100m men,1.215805471124623
2000,2000,Athletics,110m hurdles men,1.2307692307692264
2000,2000,Athletics,1500m men,0.11788560381006273
2000,2000,Athletics,1500m women,0.02039983680130559
2000,2000,Athletics,200m men,0.24888003982080636
2000,2000,Athletics,200m women,0.04490345756624281
2000,2000,Athletics,20km race walk women,0.5238540692235735
2000,2000,Athletics,20km walk men,0.0844059928254906
2000,2000,Athletics,3000m steeplechase men,0.06780607462656076
2000,2000,Athletics,400m hurdles men,0.06315789473684451
2000,2000,Athletics,400m hurdles women,0.8110147114296405
2000,2000,Athletics,400m men,1.2773722627737278
2000,2000,Athletics,400m women,0.9570352270413335
2000,2000,Athletics,4x100m relay men,0.7710715235309697
2000,2000,Athletics,4x100m relay women,0.4290822407628156
2000,2000,Athletics,4x400m relay men,0.05596597268860533
2000,2000,Athletics,4x400m relay women,0.31092685815812626
2000,2000,Athletics,5000m men,0.08706421905848465
2000,2000,Athletics,5000m women,0.02611292135470534
2000,2000,Athletics,50km walk men,0.5846199970019488
2000,2000,Athletics,800m men,0.05709935287401375
2000,2000,Athletics,800m women,0.42186827378390795
2000,2000,Athletics,marathon men,0.25604916143899625
2000,2000,Athletics,marathon women,0.09308820107051431
2000,2000,Canoe Slalom,C1 canoe single men,0.8151119161599135
2000,2000,Canoe Slalom,C2 canoe double men,2.5532093884074936
2000,2000,Canoe Slalom,K1 kayak single men,2.973532796317606
2000,2000,Canoe Slalom,K1 kayak single women,1.959196891191728
2000,2000,Canoe Sprint,C1 1000m canoe single men,0.721907679442274
2000,2000,Canoe Sprint,C1 500m canoe single men,0.6877835553437749
2000,2000,Canoe Sprint,C2 1000m canoe double men,0.6431874122978546
2000,2000,Canoe Sprint,C2 500m canoe double men,0.22644764746054977
2000,2000,Canoe Sprint,K1 1000m kayak single men,0.6470701320866945
2000,2000,Canoe Sprint,K1 500m kayak single men,0.46331260023590215
2000,2000,Canoe Sprint,K1 500m kayak single women,0.5961986731217515
2000,2000,Canoe Sprint,K2 1000m kayak double men,0.8299864754372394
2000,2000,Canoe Sprint,K2 500m kayak double men,0.7846434075942358
2000,2000,Canoe Sprint,K2 500m kayak double women,1.3538924407671988
2000,2000,Canoe Sprint,K4 1000m kayak four men,0.2945407219672497
2000,2000,Canoe Sprint,K4 500m kayak four women,0.4379469386027997
2000,2000,Cycling Road,individual time trial men,0.228671664133269
2000,2000,Cycling Road,individual time trial women,1.4515739368076792
2000,2000,Cycling Track,1km time trial men,1.4251164602574256
2000,2000,Cycling Track,500m time trial women,1.628588166373756
2000,2000,Rowing,eight with coxswain 8 women,0.8050431175635848
2000,2000,Swimming,100m backstroke men,0.6515264333581534
2000,2000,Swimming,100m backstroke women,0.5646902507889017
2000,2000,Swimming,100m breaststroke men,0.44657624875949914
2000,2000,Swimming,100m breaststroke women,0.6562266964951495
2000,2000,Swimming,100m butterfly men,0.34615384615383743
2000,2000,Swimming,100m butterfly women,2.402402402402406
2000,2000,Swimming,100m freestyle men,0.8074534161490636
2000,2000,Swimming,100m freestyle women,0.9288500835965077
2000,2000,Swimming,1500m freestyle men,0.5921222968941764
2000,2000,Swimming,200m backstroke men,0.5053100376841462
2000,2000,Swimming,200m backstroke women,1.6307740324594329
2000,2000,Swimming,200m breaststroke men,1.2455108122564342
2000,2000,Swimming,200m breaststroke women,0.14547973675094625
2000,2000,Swimming,200m butterfly men,0.3554399653229223
2000,2000,Swimming,200m butterfly women,0.5560851604702892
2000,2000,Swimming,200m freestyle men,0.4556241101091556
2000,2000,Swimming,200m freestyle women,0.06765899864681617
2000,2000,Swimming,200m individual medley men,0.6639771390149681
2000,2000,Swimming,200m individual medley women,1.4462809917355441
2000,2000,Swimming,400m freestyle men,1.273856475814856
2000,2000,Swimming,400m freestyle women,0.5166802278274947
2000,2000,Swimming,400m individual medley men,0.9810931045440211
2000,2000,Swimming,400m individual medley women,0.8662597317153338
2000,2000,Swimming,4x100m freestyle relay men,0.09810502400990671
2000,2000,Swimming,4x100m freestyle relay women,1.486542634227426
2000,2000,Swimming,4x100m medley relay men,0.7205352547606623
2000,2000,Swimming,4x100m medley relay women,1.3806126731011368
2000,2000,Swimming,4x200m freestyle relay men,1.3089802130897936
2000,2000,Swimming,4x200m freestyle relay women,0.1506906655504357
2000,2000,Swimming,50m freestyle women,0.7812500000000024
2000,2000,Swimming,800m freestyle women,0.5983949406608471
2000,2000,Triathlon,Individual men,0.20848644376863204
2000,2000,Triathlon,Individual women,0.028036660350365596
1960,1964,Athletics,10000m men,0.02346866932644919
1960,1964,Athletics,100m men,2.0
1960,1964,Athletics,100m women,1.7543859649122806
1960,1964,Athletics,110m hurdles men,0.7352941176470588
1960,1964,Athletics,1500m men,0.6877579092159559
1960,1964,Athletics,200m men,0.9852216748768473
1960,1964,Athletics,200m women,0.43478260869565216
1960,1964,Athletics,20km walk men,1.845924823222925
1960,1964,Athletics,3000m steeplechase men,0.31323414252153486
1960,1964,Athletics,400m hurdles men,1.0080645161290323
1960,1964,Athletics,400m men,0.22172949002217296
1960,1964,Athletics,400m women,0.38461538461538464
1960,1964,Athletics,4x100m relay men,0.7692307692307693
1960,1964,Athletics,4x100m relay women,0.6880733944954129
1960,1964,Athletics,4x400m relay men,0.4980630879911455
1960,1964,Athletics,5000m men,0.09652509652509653
1960,1964,Athletics,50km walk men,0.12473129694010243
1960,1964,Athletics,800m men,0.47573739295908657
1960,1964,Athletics,800m women,0.6606110652353426
1960,1964,Athletics,marathon men,3.1268912648779503
1960,1964,Canoe Sprint,C1 1000m canoe single men,0.999491168132587
1960,1964,Canoe Sprint,C2 1000m canoe double men,0.7684761281883472
1960,1964,Canoe Sprint,K1 1000m kayak single men,0.06325644161430438
1960,1964,Canoe Sprint,K1 500m kayak single women,1.866486038985471
1960,1964,Canoe Sprint,K2 1000m kayak double men,0.347762423354988
1960,1964,Canoe Sprint,K2 500m kayak double women,1.8896964514749814
1960,1964,Canoe Sprint,K4 1000m kayak four men,0.3698566805362945
1960,1964,Cycling Road,team time trial men,0.27527558840157024
1960,1964,Cycling Track,1km time trial men,0.7184940364994971
1960,1964,Swimming,100m backstroke women,0.29542097488921715
1960,1964,Swimming,100m butterfly women,1.3910355486862442
1960,1964,Swimming,100m freestyle men,0.18726591760299627
1960,1964,Swimming,100m freestyle women,0.6722689075630253
1960,1964,Swimming,1500m freestyle men,0.1272389155329353
1960,1964,Swimming,200m backstroke men,0.15349194167306215
1960,1964,Swimming,200m breaststroke men,0.2706359945872801
1960,1964,Swimming,200m breaststroke women,0.7211538461538461
1960,1964,Swimming,200m butterfly men,0.7109004739336493
1960,1964,Swimming,400m freestyle men,1.070578905630452
1960,1964,Swimming,400m freestyle women,0.45887751500176494
1960,1964,Swimming,400m individual medley men,0.5956552207428172
1960,1964,Swimming,400m individual medley women,1.6943834326953247
1960,1964,Swimming,4x100m freestyle relay men,1.876172607879925
1960,1964,Swimming,4x100m freestyle relay women,1.2715340442986054
1960,1964,Swimming,4x100m medley relay men,1.342281879194631
1960,1964,Swimming,4x100m medley relay women,1.1317999269806498
1960,1964,Swimming,4x200m freestyle relay men,1.5251006142766361
2020,2020,Athletics,Men's 4 x 100m Relay,2.4450734600350432
2020,2020,Athletics,Women's 100m Hurdles,2.659145850120879
2020,2020,Canoe Slalom,Women's Kayak,1.0710900473933733
2020,2020,Swimming,Men's 100m Breaststroke,0.04206393718452207
2020,2020,Swimming,Men's 100m Butterfly,0.04596414796459126
2020,2020,Swimming,Men's 100m Freestyle,0.008497440146148241
2020,2020,Swimming,Men's 50m Freestyle,0.15690376569038253
2020,2020,Swimming,Women's 100m Backstroke,0.04382351394464214
2020,2020,Swimming,Women's 100m Freestyle,1.8220604352591208
2020,2020,Swimming,Women's 50m Freestyle,4.011957887439881
2000,2006,Alpine Skiing,alpine combined men,0.27990493794560095
2000,2006,Alpine Skiing,alpine combined women,0.29226093055880287
2000,2006,Alpine Skiing,downhill men,0.6617647058823571
2000,2006,Alpine Skiing,downhill women,0.31762383037169006
2000,2006,Alpine Skiing,giant slalom men,0.04516129032258358
2000,2006,Alpine Skiing,giant slalom women,0.5186159919498272
2000,2006,Alpine Skiing,slalom men,0.8047314330036798
2000,2006,Alpine Skiing,slalom women,0.32569631626235146
2000,2006,Alpine Skiing,super-G women,0.29198659024547763
2000,2006,Bobsleigh,four-man men,0.05897831412758289
2000,2006,Bobsleigh,two-man men,0.09401020682245093
2000,2006,Bobsleigh,two-woman women,0.3087224976084837
2000,2006,Cross Country Skiing,10km women,1.274380758645447
2000,2006,Cross Country Skiing,15km men,0.6356025073423048
2000,2006,Cross Country Skiing,30km women,0.02830913576252679
2000,2006,Cross Country Skiing,50km men,0.010565519427348846
2000,2006,Cross Country Skiing,Relay 4x10km men,0.252180477697287
2000,2006,Cross Country Skiing,Relay 4x5km women,0.3041640052316209
2000,2006,Cross Country Skiing,Skiathlon 15km  15km men,0.012984764542936289
2000,2006,Cross Country Skiing,Skiathlon 75km  75km women,0.07396737649394636
2000,2006,Cross Country Skiing,Team sprint men,0.05865676019161209
2000,2006,Cross Country Skiing,Team sprint women,0.06018657839301836
2000,2006,Luge,Doubles mixed,0.3280527424151055
2000,2006,Luge,Singles men,0.053375257171689235
2000,2006,Luge,Singles women,0.07234850701408814
2000,2006,Skeleton,Individual men,0.22437003797032587
2000,2006,Skeleton,Individual women,1.02645414336977
2000,2006,Speed skating,10000m men,0.49003927991095086
2000,2006,Speed skating,1000m men,0.3919291624328706
2000,2006,Speed skating,1000m women,0.052596975673895756
2000,2006,Speed skating,1500m men,0.15098612814946766
2000,2006,Speed skating,1500m women,1.2752667649865572
2000,2006,Speed skating,2x500m men,0.9317660550458715
2000,2006,Speed skating,2x500m women,0.274258848112826
2000,2006,Speed skating,3000m women,0.43311471352555375
2000,2006,Speed skating,5000m men,0.45905839649834035
2000,2006,Speed skating,5000m women,0.24100985515547196
2010,2010,Alpine Skiing,alpin combined men,0.20009701673538408
2010,2010,Alpine Skiing,alpine combined women,0.7278922100046356
2010,2010,Alpine Skiing,downhill men,0.06123698714023668
2010,2010,Alpine Skiing,downhill women,0.5374796045685679
2010,2010,Alpine Skiing,giant slalom men,0.24710131153773623
2010,2010,Alpine Skiing,giant slalom women,0.027190537692889063
2010,2010,Alpine Skiing,slalom men,0.16109544905355508
2010,2010,Alpine Skiing,slalom women,0.41792205267761245
2010,2010,Alpine Skiing,super-G men,0.3099402258136007
2010,2010,Alpine Skiing,super-G women,0.6114299975043646
2010,2010,Bobsleigh,four-man men,0.18585542404383165
2010,2010,Bobsleigh,two-man men,0.10646019840308822
2010,2010,Bobsleigh,two-woman women,0.40041454682494815
2010,2010,Cross Country Skiing,10km women,0.4404698344901228
2010,2010,Cross Country Skiing,15km men,1.2200565392054754
2010,2010,Cross Country Skiing,30km women,0.0055210998030807736
2010,2010,Cross Country Skiing,50km men,0.003981155862252007
2010,2010,Cross Country Skiing,Combined 7.5 + 7.5km mass start women,0.37112714232100413
2010,2010,Cross Country Skiing,Relay 4x10km men,0.25216481111428296
2010,2010,Cross Country Skiing,Relay 4x5km women,0.7410754631721644
2010,2010,Cross Country Skiing,Skiathlon 15km  15km men,0.04654874318393403
2010,2010,Cross Country Skiing,Team sprint men,0.11393514460999123
2010,2010,Cross Country Skiing,Team sprint women,0.055365876164990314
2010,2010,Cross Country Skiing,sprint 15km women,0.5018248175182481
2010,2010,Luge,Doubles mixed,0.31920681941842693
2010,2010,Luge,Singles men,0.3516585959551592
2010,2010,Luge,Singles women,0.2942518796089507
2010,2010,Skeleton,Individual men,0.0333762456491593
2010,2010,Skeleton,Individual women,0.25969207939157435
2010,2010,Speed skating,10000m men,0.45212253548262565
2010,2010,Speed skating,1000m men,0.26109660574413524
2010,2010,Speed skating,1000m women,0.02612330198536204
2010,2010,Speed skating,1500m men,0.5020365634176333
2010,2010,Speed skating,1500m women,0.2138762939515784
2010,2010,Speed skating,2x500m men,0.22197081441808825
2010,2010,Speed skating,2x500m women,0.06044757486958256
2010,2010,Speed skating,3000m women,0.8617490619716999
2010,2010,Speed skating,5000m men,0.6273358248798718
2010,2010,Speed skating,5000m women,0.11681390085418392
